"Guid","CurrencyIsoCode","IsActive","Pricebook2Id","Product2Id","UnitPrice","UseStandardPrice"
00b055b8-a250-4225-9eea-0e24e1789081,AUD,true,fa5b3b37-5077-4ec2-9ae5-325e5d4b3f54,68e1eb1c-6d10-4be2-bac1-16d1b92c73e2,5560.0,false
00c95dde-8969-49a9-8259-b7947912cead,EUR,true,fa5b3b37-5077-4ec2-9ae5-325e5d4b3f54,2647f1b6-ab4d-4de6-83a0-406cc5604ef1,379.05,false
00fdbbbe-36dc-41c1-a566-9cc37933e290,EUR,true,fa5b3b37-5077-4ec2-9ae5-325e5d4b3f54,7aff88bf-3e69-413a-96f2-5b747ed9db76,821.75,false
010d275b-e45f-484f-b388-27ab56c79270,AUD,true,fa5b3b37-5077-4ec2-9ae5-325e5d4b3f54,cace458c-6b99-4a94-bb50-d76fb0f23567,2780.0,false
024ecb0a-1e60-4e0e-9d39-dc3fcb0811c9,GBP,true,fa5b3b37-5077-4ec2-9ae5-325e5d4b3f54,ed1c2de8-a656-4999-a615-288702367f96,7.2,false
0386d1ff-488f-4cdf-a137-d73ac3fb74d4,EUR,true,fa5b3b37-5077-4ec2-9ae5-325e5d4b3f54,c9630b22-8c2f-4b25-bb3f-e7de77a1d91d,289.75,false
041c9d7e-9bf6-46f8-b313-dfd922edb48e,GBP,true,fa5b3b37-5077-4ec2-9ae5-325e5d4b3f54,44bef28f-c5ab-4024-bdfd-ea392f2ba3d9,6400.0,false
04852680-1db4-4f5d-bc61-60cb04bf5cea,USD,true,fa5b3b37-5077-4ec2-9ae5-325e5d4b3f54,acc54c25-084e-44ee-b272-5f544c6a82ce,0.0,false
04b5722d-9b25-4b86-b359-ffeb7bc03878,EUR,true,fa5b3b37-5077-4ec2-9ae5-325e5d4b3f54,4b5d17b2-c5b1-4dd0-86e3-3a46fc47fb91,190.0,false
04bc6391-fd46-4487-ab63-cfd5a34efeba,GBP,true,fa5b3b37-5077-4ec2-9ae5-325e5d4b3f54,ac1dd69f-2d97-4571-8cc3-f40e6341cd61,1920.0,false
04d5cfa7-88b1-41ce-b94e-37d3cf934191,EUR,true,fa5b3b37-5077-4ec2-9ae5-325e5d4b3f54,f4c1bd52-6432-4ab1-bb45-a6b3b6862425,950.0,false
04d8da63-2b84-447f-a24e-51fe48f7625e,GBP,true,fa5b3b37-5077-4ec2-9ae5-325e5d4b3f54,62f88ba0-23a3-4247-b723-7b1535e7d0bc,100.0,false
04ee0222-d23b-4d2a-a2d3-6bd2e803afaa,USD,true,fa5b3b37-5077-4ec2-9ae5-325e5d4b3f54,3b0f49bf-ac36-4682-8ebc-625c45905288,2000.0,false
0523685d-ef2e-4aec-8964-c9ca7cd227c4,USD,true,fa5b3b37-5077-4ec2-9ae5-325e5d4b3f54,06622321-7906-4174-8569-f2cd66189af2,150.0,false
0548fb88-2aee-4f42-b617-32498451fe27,GBP,true,fa5b3b37-5077-4ec2-9ae5-325e5d4b3f54,cabd406f-e3d7-4f33-ac60-fd24874fb6a0,0.0,false
0568578c-7226-45f4-99f8-75039f15c6a3,AUD,true,fa5b3b37-5077-4ec2-9ae5-325e5d4b3f54,228eff6e-43bf-409c-96d9-cab985a5720b,6950.0,false
05d7c8a0-5219-4be7-a119-3372dba71eeb,EUR,true,fa5b3b37-5077-4ec2-9ae5-325e5d4b3f54,97f0ea29-737b-4c01-ad39-89e5bf7101f7,19000.0,false
065e9bd1-da5c-41b0-8e4e-1fd77c535de1,EUR,true,fa5b3b37-5077-4ec2-9ae5-325e5d4b3f54,4ac86817-d0e8-426d-9dee-8cffcf717ef3,95.0,false
07c0953b-2131-48b9-b022-c28186eb9b94,USD,true,fa5b3b37-5077-4ec2-9ae5-325e5d4b3f54,62932448-67d1-4044-8961-5fce2eae0fbb,100.0,false
08465a44-28d9-485a-b5d1-3c351d63bd2b,EUR,true,fa5b3b37-5077-4ec2-9ae5-325e5d4b3f54,9e037fc0-2c81-47f5-9712-7553c457f3df,0.0,false
0866132f-bc65-4360-bf22-c6c2e43c7e13,EUR,true,fa5b3b37-5077-4ec2-9ae5-325e5d4b3f54,30b14b5f-8629-4a0d-96fb-09ef60b32030,12.35,false
08918640-a152-45c4-a8d9-f4573069c632,EUR,true,fa5b3b37-5077-4ec2-9ae5-325e5d4b3f54,e11b9f48-eb48-4d4e-ba51-de41576dab2c,1805.0,false
08a2950b-133b-4553-be08-d0c259b8da96,USD,true,fa5b3b37-5077-4ec2-9ae5-325e5d4b3f54,3c95ae73-331e-4e5f-824e-0cbc13487622,5000.0,false
08aa9ad6-c658-4286-9a40-b1b840186b1a,USD,true,fa5b3b37-5077-4ec2-9ae5-325e5d4b3f54,1edfdb01-0fec-4f54-9004-a1548d155037,7000.0,false
092a4577-d2dd-476b-80dd-29d880547e2a,USD,true,fa5b3b37-5077-4ec2-9ae5-325e5d4b3f54,2e87c186-3013-4965-8cda-598cffb0e84e,525.0,false
093bdbdf-9e36-4234-a99d-c8f29d37e3a7,EUR,true,fa5b3b37-5077-4ec2-9ae5-325e5d4b3f54,e1396f4f-14e9-4ea8-a2e8-a35ab4f4451a,16625.0,false
0947ecdf-3e4b-458f-a258-7a4e54e805c0,USD,true,fa5b3b37-5077-4ec2-9ae5-325e5d4b3f54,e2031b65-9810-477f-af3c-a7d1b7ed31ea,100.0,false
09850645-7cda-41a6-9dd6-b994a3f8a355,USD,true,fa5b3b37-5077-4ec2-9ae5-325e5d4b3f54,d1152b85-e466-4c81-a7e4-ccc0049b7d69,670.0,false
09b1e10f-4674-42e6-8d98-25efb9ee41bb,USD,true,fa5b3b37-5077-4ec2-9ae5-325e5d4b3f54,8de24f43-f58a-423c-892f-da0d2e4fab2f,510.0,false
09c9ae96-b064-4797-9953-95c262aed185,EUR,true,fa5b3b37-5077-4ec2-9ae5-325e5d4b3f54,0388d276-38b8-4dd5-b683-ba19f4584f14,1900.0,false
09dd7648-1809-4272-bae2-9022ed00297f,EUR,true,fa5b3b37-5077-4ec2-9ae5-325e5d4b3f54,b23daee8-c6e3-40ed-bf2f-d8135aaa298e,2850.0,false
0a775aa0-9c3c-4f33-b61f-5d647e309acd,GBP,true,fa5b3b37-5077-4ec2-9ae5-325e5d4b3f54,53951f9a-99af-4345-9453-1845d0b98c75,800.0,false
0aad7599-1516-47cc-8cd4-4d85a2d0f8b0,EUR,true,fa5b3b37-5077-4ec2-9ae5-325e5d4b3f54,a879a06f-c26b-46b1-84eb-07b762b77774,213.75,false
0abcbe91-7644-4f9c-9da8-79f6794f72d7,USD,true,fa5b3b37-5077-4ec2-9ae5-325e5d4b3f54,e17162c1-47aa-4914-9c79-41307c52b3a6,480.0,false
0acc8459-31df-4df8-bebb-d9c9b6eeaa44,AUD,true,fa5b3b37-5077-4ec2-9ae5-325e5d4b3f54,0388d276-38b8-4dd5-b683-ba19f4584f14,2780.0,false
0afea715-3721-40dc-811a-1a43fac88481,USD,true,fa5b3b37-5077-4ec2-9ae5-325e5d4b3f54,256683ec-17e7-4424-89f7-a1a03e190c7c,200.0,false
0b41115e-9ce9-4c83-b3fe-df798520581d,USD,true,fa5b3b37-5077-4ec2-9ae5-325e5d4b3f54,21bcabac-77f4-4eb6-95c6-e3d7e1b65e15,0.0,false
0b895fc5-3fd5-4cd2-ab72-92863dae9b45,GBP,true,fa5b3b37-5077-4ec2-9ae5-325e5d4b3f54,313d9020-4e2a-4d1a-a4f4-d14d53eb6150,202.4,false
0beebd09-9495-45a1-8254-039909bc5108,AUD,true,fa5b3b37-5077-4ec2-9ae5-325e5d4b3f54,d4d1c847-7f5c-42f1-9bb3-7a40a22627e7,56.99,false
0ce6b4a7-479b-4aee-b873-12266e3662b1,GBP,true,fa5b3b37-5077-4ec2-9ae5-325e5d4b3f54,ae6f8353-10c7-4ade-b234-8b555e8c114e,139.2,false
0d8f6248-0719-4d3d-a257-02f38a3e052a,GBP,true,fa5b3b37-5077-4ec2-9ae5-325e5d4b3f54,ac040496-a333-4983-92a6-1bf45fcbce89,28.8,false
0d9e79f3-582e-4059-aedf-9c97f1394588,USD,true,fa5b3b37-5077-4ec2-9ae5-325e5d4b3f54,e1396f4f-14e9-4ea8-a2e8-a35ab4f4451a,17500.0,false
0dba1959-ee05-415f-9a59-40e12fe9c502,GBP,true,fa5b3b37-5077-4ec2-9ae5-325e5d4b3f54,256683ec-17e7-4424-89f7-a1a03e190c7c,160.0,false
105a1597-0874-4fb5-bc70-689fd6ff1851,AUD,true,fa5b3b37-5077-4ec2-9ae5-325e5d4b3f54,298097ef-0947-471a-9b45-0745e2534923,764.5,false
105ecc91-1f79-4027-b9b6-ab00112719c2,USD,true,fa5b3b37-5077-4ec2-9ae5-325e5d4b3f54,30723057-aadf-4e0b-b63b-9a7621b7cd6e,100.0,false
10a8a954-47e3-498f-a7fa-b6597f37029a,AUD,true,fa5b3b37-5077-4ec2-9ae5-325e5d4b3f54,ae6f8353-10c7-4ade-b234-8b555e8c114e,241.86,false
10e975cb-6502-4574-b821-fcd1b2922d1e,AUD,true,fa5b3b37-5077-4ec2-9ae5-325e5d4b3f54,e17162c1-47aa-4914-9c79-41307c52b3a6,667.2,false
10f6e952-0873-43c7-8bfd-a2be108fa6f5,AUD,true,fa5b3b37-5077-4ec2-9ae5-325e5d4b3f54,1fff1718-5444-47d0-9cf5-5f3f7df2ffdd,0.0,false
112f0303-a97c-4008-8a93-ad73439657b4,AUD,true,fa5b3b37-5077-4ec2-9ae5-325e5d4b3f54,1edfdb01-0fec-4f54-9004-a1548d155037,9730.0,false
118b4317-bb55-4add-8e92-971e5689f068,EUR,true,fa5b3b37-5077-4ec2-9ae5-325e5d4b3f54,541ea312-1904-4ec6-bd0d-6666c04f5d71,1223.6,false
12cc1e97-e644-4c5b-beee-c8adcb6471f6,AUD,true,fa5b3b37-5077-4ec2-9ae5-325e5d4b3f54,a949dbbf-9474-4cfa-84a4-677f46047ce1,139.0,false
14403830-c2d2-44db-8242-50bfed47aba9,EUR,true,fa5b3b37-5077-4ec2-9ae5-325e5d4b3f54,629312f4-eb08-4d13-96bc-68db51aa3e3a,7.5525,false
146ed8dc-cdb4-481f-8324-31a7b92053b3,USD,true,fa5b3b37-5077-4ec2-9ae5-325e5d4b3f54,065828e5-debf-4581-b8f6-8254e35bde3c,300.0,false
149358b2-564f-4a79-addb-ad3cf053085e,EUR,true,fa5b3b37-5077-4ec2-9ae5-325e5d4b3f54,f11da937-eb30-4606-abb6-92cc4e53dfc7,1306.82,false
14abec38-0da0-4562-adfe-b54702dd033d,EUR,true,fa5b3b37-5077-4ec2-9ae5-325e5d4b3f54,530eb599-17e2-4f00-9d99-bc6a778e695c,1762.25,false
1514f9ff-c61a-4462-a50f-8342e9bff0fa,EUR,true,fa5b3b37-5077-4ec2-9ae5-325e5d4b3f54,21bcabac-77f4-4eb6-95c6-e3d7e1b65e15,0.0,false
153a9755-2b33-43bf-9903-7fea2f97bf53,GBP,true,fa5b3b37-5077-4ec2-9ae5-325e5d4b3f54,871972b4-9858-4ca4-947c-3f0920e0e4d2,0.0,false
15c730cc-d19e-43dc-9450-4ab0cf419782,AUD,true,fa5b3b37-5077-4ec2-9ae5-325e5d4b3f54,71602f9d-232a-46b4-90b6-2ea82cae651e,695.0,false
169ee6a7-a226-4e7d-9513-e6f8fa9f9423,EUR,true,fa5b3b37-5077-4ec2-9ae5-325e5d4b3f54,62f88ba0-23a3-4247-b723-7b1535e7d0bc,118.75,false
16f2c0f2-dce5-4b03-a5c9-329392ffa38a,USD,true,fa5b3b37-5077-4ec2-9ae5-325e5d4b3f54,8bbee29e-33cc-4269-9a59-fa2c00851cef,8000.0,false
171b2c9f-31b1-4550-be3f-5ef5288b1dd4,AUD,true,fa5b3b37-5077-4ec2-9ae5-325e5d4b3f54,f925dbac-41a1-497e-9757-e9257b950976,6950.0,false
1765f87b-e895-4002-8289-a9f79a864096,EUR,true,fa5b3b37-5077-4ec2-9ae5-325e5d4b3f54,d1152b85-e466-4c81-a7e4-ccc0049b7d69,636.5,false
17858c20-a217-4d54-a9fd-a9e28cef0f29,AUD,true,fa5b3b37-5077-4ec2-9ae5-325e5d4b3f54,f4c1bd52-6432-4ab1-bb45-a6b3b6862425,1390.0,false
17d9d485-c069-43f7-a3c1-7ce5b9800972,AUD,true,fa5b3b37-5077-4ec2-9ae5-325e5d4b3f54,dbe181dc-5664-4bc0-96aa-8c21124f6124,0.0,false
17f21102-0984-45f3-a48b-51bf88601a1f,USD,true,fa5b3b37-5077-4ec2-9ae5-325e5d4b3f54,7910da7d-8903-4881-a7bb-5627054f2322,100.0,false
1822f615-d276-4682-899d-fb6f76d88762,AUD,true,fa5b3b37-5077-4ec2-9ae5-325e5d4b3f54,036f2bf0-9b10-4122-a374-358e38270141,347.5,false
18339c6f-d4a6-46b3-a684-a9040d9e1c5f,EUR,true,fa5b3b37-5077-4ec2-9ae5-325e5d4b3f54,21c3304c-600b-4fa2-83ee-0cae138219a4,1762.25,false
1946f505-eff1-4e18-8fad-a1cd83aeefdd,USD,true,fa5b3b37-5077-4ec2-9ae5-325e5d4b3f54,fa444d8c-c07e-4b50-a82a-bf0a52e41bad,250.0,false
1963035e-dac2-4b50-9479-9f338efc27b7,USD,true,fa5b3b37-5077-4ec2-9ae5-325e5d4b3f54,6d90f183-63a3-4b5c-84cb-c9de7b63f5fa,12.0,false
1976f6ec-8d8c-4d56-b83a-2d9a211b6e36,USD,true,fa5b3b37-5077-4ec2-9ae5-325e5d4b3f54,2b43614f-582a-4dba-96bc-65ac1c906cc6,0.0,false
1abdd5bd-38f4-4c7f-8425-e3bb7342830c,USD,true,fa5b3b37-5077-4ec2-9ae5-325e5d4b3f54,3f941024-d9b0-4fc1-aefa-fbe5719be4a6,200.0,false
1b17838d-5ecc-4618-8f3d-0d48330993a6,USD,true,fa5b3b37-5077-4ec2-9ae5-325e5d4b3f54,9c9b47ab-e97e-4714-99dd-8c257952e052,29.0,false
1b41c4b7-1aac-4f00-817b-86df1ead2f4f,USD,true,fa5b3b37-5077-4ec2-9ae5-325e5d4b3f54,9166883d-e507-419b-88d6-a31fe8a82a16,769.5,false
1b983163-a62f-4443-ad6c-fadaf847089a,GBP,true,fa5b3b37-5077-4ec2-9ae5-325e5d4b3f54,e17162c1-47aa-4914-9c79-41307c52b3a6,384.0,false
1bc21d01-7442-4ddb-92af-7967d0a22b50,AUD,true,fa5b3b37-5077-4ec2-9ae5-325e5d4b3f54,62f88ba0-23a3-4247-b723-7b1535e7d0bc,173.75,false
1c707deb-9e34-4891-bc72-0cf630c9b806,GBP,true,fa5b3b37-5077-4ec2-9ae5-325e5d4b3f54,4263261b-ac2a-49d9-b31d-786e1ca76e82,160.0,false
1cf3d6b3-2007-4984-bae1-b8f394218ac2,USD,true,fa5b3b37-5077-4ec2-9ae5-325e5d4b3f54,65067626-beab-4e5b-933d-903aa6a79848,299.0,false
1d4ecb6f-7999-41d8-8acb-9a4ce9014317,USD,true,fa5b3b37-5077-4ec2-9ae5-325e5d4b3f54,30b14b5f-8629-4a0d-96fb-09ef60b32030,13.0,false
1da3b307-84d3-45fd-ad5b-184a66b3291e,EUR,true,fa5b3b37-5077-4ec2-9ae5-325e5d4b3f54,30723057-aadf-4e0b-b63b-9a7621b7cd6e,95.0,false
1e4b1811-1535-4bcd-ab45-cafaab7861b8,USD,true,fa5b3b37-5077-4ec2-9ae5-325e5d4b3f54,f925dbac-41a1-497e-9757-e9257b950976,5000.0,false
1e672017-e62a-4b7a-86b4-86b62e927d49,EUR,true,fa5b3b37-5077-4ec2-9ae5-325e5d4b3f54,14530968-1aa6-4d4c-ae1b-755011f581a0,0.0,false
1e911921-c272-4f19-b36e-ab529bf0ec32,EUR,true,fa5b3b37-5077-4ec2-9ae5-325e5d4b3f54,18046ac8-91b1-4680-a1e1-f468ab94e46b,2519.4,false
1eac65e2-f82a-4a9e-aef7-52213d478906,GBP,true,fa5b3b37-5077-4ec2-9ae5-325e5d4b3f54,f4f195b4-e816-45fa-9497-95f1a81699a3,4800.0,false
1ed1460a-67fc-40e0-a7ac-2232f31bc62b,EUR,true,fa5b3b37-5077-4ec2-9ae5-325e5d4b3f54,14c85530-c14c-4a0b-bbe1-e5a8f2fc534f,1399.35,false
1f807fad-5f17-4526-af3c-67aab740c9ff,GBP,true,fa5b3b37-5077-4ec2-9ae5-325e5d4b3f54,9172d3ce-6ef7-4448-8707-52ad60093b50,4494.984,false
1f8ecb01-ff5e-48b3-991a-3a4922ef0eae,EUR,true,fa5b3b37-5077-4ec2-9ae5-325e5d4b3f54,871972b4-9858-4ca4-947c-3f0920e0e4d2,0.0,false
1faa014e-ac9a-4310-8321-edb7b3493cb8,EUR,true,fa5b3b37-5077-4ec2-9ae5-325e5d4b3f54,cae82e7b-bc55-4b44-a2cd-58fe9a62c646,232.75,false
1fcf9d4d-239e-4639-876d-7ac6d2ab4171,USD,true,fa5b3b37-5077-4ec2-9ae5-325e5d4b3f54,0c124a52-73bd-4cba-8e4b-b865b06afebb,99.0,false
20ed426c-b1cc-4c6a-b1c7-f4dff50c16f6,USD,true,fa5b3b37-5077-4ec2-9ae5-325e5d4b3f54,a474b155-91e3-464e-ac9e-e333a180fc46,550.0,false
218cef46-04e6-402f-9875-91a38f4622b1,USD,true,fa5b3b37-5077-4ec2-9ae5-325e5d4b3f54,a949dbbf-9474-4cfa-84a4-677f46047ce1,100.0,false
22de72fa-b318-4dac-bb65-3303ea53958d,EUR,true,fa5b3b37-5077-4ec2-9ae5-325e5d4b3f54,036f2bf0-9b10-4122-a374-358e38270141,237.5,false
22f76152-8637-4726-ab21-777f50671399,USD,true,fa5b3b37-5077-4ec2-9ae5-325e5d4b3f54,e56f51ee-eba7-45eb-be4a-4f73fb8f2b0a,10000.0,false
235ab966-4014-4c99-a7c1-7c033394fe30,GBP,true,fa5b3b37-5077-4ec2-9ae5-325e5d4b3f54,8bbee29e-33cc-4269-9a59-fa2c00851cef,6400.0,false
23c6ba3c-039e-4280-85c9-c8cc60538c87,GBP,true,fa5b3b37-5077-4ec2-9ae5-325e5d4b3f54,00ed639c-c7db-4364-8723-2d08447df0d6,159.2,false
24055743-348a-48e2-84c6-5207bda492d1,GBP,true,fa5b3b37-5077-4ec2-9ae5-325e5d4b3f54,cace458c-6b99-4a94-bb50-d76fb0f23567,1600.0,false
258c9a66-ba8a-4e0f-a3a1-7ee48b554fd6,EUR,true,fa5b3b37-5077-4ec2-9ae5-325e5d4b3f54,88910820-bd72-42db-8729-f503e0e6801b,95.0,false
259bcdf8-ec39-4644-abeb-95cddae1e74e,AUD,true,fa5b3b37-5077-4ec2-9ae5-325e5d4b3f54,808bf517-c2e9-41bf-b973-67c6462b8519,3614.0,false
25c1fd6f-6e57-4892-8c4b-0aee787bfbe0,AUD,true,fa5b3b37-5077-4ec2-9ae5-325e5d4b3f54,8b3568c4-ba49-4915-a908-fb08809acc13,369.74,false
2612f983-01eb-408d-a124-083d8c565691,GBP,true,fa5b3b37-5077-4ec2-9ae5-325e5d4b3f54,c74d1b2a-3220-4d50-9c1f-0541a7eec1b0,800.0,false
2650fee2-1acd-4f0a-8275-534070a47d40,GBP,true,fa5b3b37-5077-4ec2-9ae5-325e5d4b3f54,1f4da963-19a1-495c-ac43-2a7c723cd87b,0.0,false
268ac21f-b857-45f7-b301-93dfa4f6fec0,USD,true,fa5b3b37-5077-4ec2-9ae5-325e5d4b3f54,ed1c2de8-a656-4999-a615-288702367f96,9.0,false
26f19321-0dc6-4cb6-93cd-3cdfcbba2846,AUD,true,fa5b3b37-5077-4ec2-9ae5-325e5d4b3f54,50bfbd9d-49d8-4831-9820-c9f1ec991f60,3336.0,false
2796a7bb-bd96-4dcb-8bd0-f259cafaeeb7,AUD,true,fa5b3b37-5077-4ec2-9ae5-325e5d4b3f54,97f0ea29-737b-4c01-ad39-89e5bf7101f7,27800.0,false
27a9827d-4c43-4441-b6fb-a4971efb00a4,EUR,true,fa5b3b37-5077-4ec2-9ae5-325e5d4b3f54,d843e1db-7352-456f-a892-3b86aa26705c,237.5,false
27b3223c-e243-42fd-acba-332ebced00a5,EUR,true,fa5b3b37-5077-4ec2-9ae5-325e5d4b3f54,325a1a0a-7b4c-44e8-b0a2-db5c3eb6396b,22800.0,false
27d77b7b-879e-4721-bd6f-da349a477d7b,AUD,true,fa5b3b37-5077-4ec2-9ae5-325e5d4b3f54,91ae1130-a8c8-4cd8-84f9-9c103750169c,312.75,false
280c7a9a-a04e-49fe-957f-3e66f2ade2ab,GBP,true,fa5b3b37-5077-4ec2-9ae5-325e5d4b3f54,5a47ed77-cef1-4a71-bafc-60e0fba80825,20.0,false
28870271-2432-4797-b040-e5afe38dc8f9,AUD,true,fa5b3b37-5077-4ec2-9ae5-325e5d4b3f54,85f78d3f-28ba-4291-bbf3-52357a69999e,139.0,false
28ff2f9c-41a1-4e8b-b420-022bfa360a65,USD,true,fa5b3b37-5077-4ec2-9ae5-325e5d4b3f54,b230487d-4e25-4502-9405-dfb155bbe476,5000.0,false
2adc699b-0036-4abe-9ddb-95ab72fa13d6,AUD,true,fa5b3b37-5077-4ec2-9ae5-325e5d4b3f54,aa8eb145-ccd9-4167-abcd-c8ee74979ea8,69.5,false
2ba3749e-3295-472d-8f0f-15d035419445,AUD,true,fa5b3b37-5077-4ec2-9ae5-325e5d4b3f54,f11da937-eb30-4606-abb6-92cc4e53dfc7,1912.084,false
2c2396d6-222c-462a-885d-c1cd71545a02,GBP,true,fa5b3b37-5077-4ec2-9ae5-325e5d4b3f54,30b14b5f-8629-4a0d-96fb-09ef60b32030,10.4,false
2c8397e5-262f-48ff-aec1-9707d4521ad7,AUD,true,fa5b3b37-5077-4ec2-9ae5-325e5d4b3f54,2b43614f-582a-4dba-96bc-65ac1c906cc6,0.0,false
2cd17dbe-f741-426d-bf86-1000a641167e,AUD,true,fa5b3b37-5077-4ec2-9ae5-325e5d4b3f54,21c3304c-600b-4fa2-83ee-0cae138219a4,2578.45,false
2d9d35f7-b76f-4460-a714-0878735f07d8,EUR,true,fa5b3b37-5077-4ec2-9ae5-325e5d4b3f54,2b43614f-582a-4dba-96bc-65ac1c906cc6,0.0,false
2dad3b07-e56d-4f09-bc6d-90b9c32f492e,USD,true,fa5b3b37-5077-4ec2-9ae5-325e5d4b3f54,98408a4d-0679-47fe-a758-27684bebe546,100.0,false
2dd139f3-6733-47d4-ace1-585434187c67,GBP,true,fa5b3b37-5077-4ec2-9ae5-325e5d4b3f54,e2031b65-9810-477f-af3c-a7d1b7ed31ea,80.0,false
2f0c4517-eb98-4d05-9c69-e80386e37e54,USD,true,fa5b3b37-5077-4ec2-9ae5-325e5d4b3f54,68e1eb1c-6d10-4be2-bac1-16d1b92c73e2,4000.0,false
2fab4ced-58e0-4ffa-9e03-760d18fba51d,EUR,true,fa5b3b37-5077-4ec2-9ae5-325e5d4b3f54,53951f9a-99af-4345-9453-1845d0b98c75,950.0,false
2fcbe5ca-957b-4e50-a52e-257acbef255b,GBP,true,fa5b3b37-5077-4ec2-9ae5-325e5d4b3f54,109dd2af-0246-43ce-926c-1d37094cde9b,8.0,false
2ff20266-69ea-4f72-a3bf-50e144b0ddf6,GBP,true,fa5b3b37-5077-4ec2-9ae5-325e5d4b3f54,cae82e7b-bc55-4b44-a2cd-58fe9a62c646,196.0,false
306ed3ab-fd2d-48e9-94a3-d4c588e47d92,EUR,true,fa5b3b37-5077-4ec2-9ae5-325e5d4b3f54,c74d1b2a-3220-4d50-9c1f-0541a7eec1b0,950.0,false
310d296f-5d20-4448-bab7-0ecfe2e4894d,GBP,true,fa5b3b37-5077-4ec2-9ae5-325e5d4b3f54,98408a4d-0679-47fe-a758-27684bebe546,80.0,false
312a0b9f-2afc-49eb-8f8c-3b89e68f0afa,AUD,true,fa5b3b37-5077-4ec2-9ae5-325e5d4b3f54,54ddec67-7e69-4bf1-952f-0d325dd7cb73,926.4211,false
318231cb-b3a6-4104-974f-70fdf848c20f,EUR,true,fa5b3b37-5077-4ec2-9ae5-325e5d4b3f54,44bef28f-c5ab-4024-bdfd-ea392f2ba3d9,7600.0,false
320725d4-0c8d-46e9-a796-5341ce168566,GBP,true,fa5b3b37-5077-4ec2-9ae5-325e5d4b3f54,dd03d4c0-4d58-4a0a-bd06-f8fb5e7b9ef6,1929.6,false
328513ae-9401-464e-9f52-f6fc47fec152,GBP,true,fa5b3b37-5077-4ec2-9ae5-325e5d4b3f54,4cd9aeb3-6935-4242-bb34-1aa54e7d9573,480.0,false
3289f5b5-b767-486b-9cc7-7e5ce116196a,EUR,true,fa5b3b37-5077-4ec2-9ae5-325e5d4b3f54,f544db94-1248-425d-a874-a7bc50cc9478,821.75,false
32a161e4-21ca-45c9-bdfb-0d8a9401984e,AUD,true,fa5b3b37-5077-4ec2-9ae5-325e5d4b3f54,d2737903-9d4a-4f26-bcf0-3b66680817c6,1559.58,false
33028476-dff7-4d12-9b8b-52d83a21bdf6,USD,true,fa5b3b37-5077-4ec2-9ae5-325e5d4b3f54,6ce56460-94eb-45fa-94b5-3aa33275b8c4,5500.0,false
33900842-dd11-4263-ba06-389c492bdfbb,USD,true,fa5b3b37-5077-4ec2-9ae5-325e5d4b3f54,4769660c-53d9-49e2-9a2a-59b89e235932,60.0,false
33f261c5-6921-4b95-a3f9-b29d02fcf71f,AUD,true,fa5b3b37-5077-4ec2-9ae5-325e5d4b3f54,1e5e5793-c8dc-45a9-8c7f-ae7a8b4103f1,56.99,false
33f761dd-ed33-4b5d-825f-1630c702c63a,EUR,true,fa5b3b37-5077-4ec2-9ae5-325e5d4b3f54,6ce56460-94eb-45fa-94b5-3aa33275b8c4,5225.0,false
3472d084-76ec-49da-a0af-23e9a1418ea8,EUR,true,fa5b3b37-5077-4ec2-9ae5-325e5d4b3f54,54e33ffe-9123-445a-bb9b-69dec395a5a5,11400.0,false
347e8f98-081f-460e-9a6b-a7305b95800b,USD,true,fa5b3b37-5077-4ec2-9ae5-325e5d4b3f54,4263261b-ac2a-49d9-b31d-786e1ca76e82,200.0,false
34c2845c-2ad1-4979-b4e4-ca0d65daa64e,USD,true,fa5b3b37-5077-4ec2-9ae5-325e5d4b3f54,bf80f687-c78f-461f-8b50-d826e2cd5725,2000.0,false
3606900f-cd7e-491a-aaf5-3679ed49b1f5,AUD,true,fa5b3b37-5077-4ec2-9ae5-325e5d4b3f54,3c215587-2a45-4c30-8c9d-ad1c211e519d,2502.0,false
363a9507-2713-44f3-a275-cfd2993ad1f8,AUD,true,fa5b3b37-5077-4ec2-9ae5-325e5d4b3f54,b605ee91-1d1c-4652-bbd8-5045e1760ea7,0.0,false
3644d31f-0ea4-483d-8657-8fbb07216a4a,USD,true,fa5b3b37-5077-4ec2-9ae5-325e5d4b3f54,6bb42276-52f8-4a25-a569-c2abff773d9e,14000.0,false
37924db3-e50f-438b-aff9-6a2c5854ee30,EUR,true,fa5b3b37-5077-4ec2-9ae5-325e5d4b3f54,02a89180-780a-48ee-90c2-76fd8f37f6b3,4.75,false
37a7d38c-01d9-455e-8d32-720bb85295b6,GBP,true,fa5b3b37-5077-4ec2-9ae5-325e5d4b3f54,92e1c626-9f65-4708-92a7-abc623f3553a,6800.0,false
37f92966-b1b3-4bdc-bb54-97cdf8af5f7c,GBP,true,fa5b3b37-5077-4ec2-9ae5-325e5d4b3f54,1e5e5793-c8dc-45a9-8c7f-ae7a8b4103f1,32.8,false
38054a8b-edcc-4590-a19c-71517b7ac722,USD,true,fa5b3b37-5077-4ec2-9ae5-325e5d4b3f54,4b5d17b2-c5b1-4dd0-86e3-3a46fc47fb91,200.0,false
3890bbce-275e-49a9-a853-6d13d07b0887,EUR,true,fa5b3b37-5077-4ec2-9ae5-325e5d4b3f54,228eff6e-43bf-409c-96d9-cab985a5720b,4750.0,false
38f8588c-cd34-4c92-97df-5f6d5474cdd3,USD,true,fa5b3b37-5077-4ec2-9ae5-325e5d4b3f54,21c3304c-600b-4fa2-83ee-0cae138219a4,1855.0,false
391251cc-12b6-4201-8e95-251bbf45eea2,EUR,true,fa5b3b37-5077-4ec2-9ae5-325e5d4b3f54,dbe181dc-5664-4bc0-96aa-8c21124f6124,0.0,false
397bb3de-5fd3-4740-b5a7-9fe23bf85683,USD,true,fa5b3b37-5077-4ec2-9ae5-325e5d4b3f54,24897e23-d75e-48a4-a504-cfc263853852,0.0,false
3a03da6f-7ee2-422c-8aba-7d12eb37dd04,GBP,true,fa5b3b37-5077-4ec2-9ae5-325e5d4b3f54,b45c1ee4-0b1d-40ad-9c2f-f497d62e1141,0.0,false
3a164ab5-84de-4075-9d61-2bac3374855e,USD,true,fa5b3b37-5077-4ec2-9ae5-325e5d4b3f54,7d8da3c8-8ed0-41a4-89da-5f202c2cce5c,525.0,false
3a3af3ed-aafb-4018-a4f9-73815608534e,AUD,true,fa5b3b37-5077-4ec2-9ae5-325e5d4b3f54,65bd7b80-b473-4f30-9eed-44f59717af7e,347.5,false
3bd20a7a-3c91-4ade-bb14-ca22b49cedba,GBP,true,fa5b3b37-5077-4ec2-9ae5-325e5d4b3f54,ec4c432b-3db0-4630-9f4c-434057ff8378,80.0,false
3c5c763d-b922-47c7-be67-295ba3dbda57,EUR,true,fa5b3b37-5077-4ec2-9ae5-325e5d4b3f54,cd7375d9-1ca4-45e6-8f88-6a93ae91df88,1700.5,false
3c5e904a-1c9a-4d94-9013-0c8653afda92,EUR,true,fa5b3b37-5077-4ec2-9ae5-325e5d4b3f54,6d90f183-63a3-4b5c-84cb-c9de7b63f5fa,11.4,false
3c6e9996-6f93-4f42-8f37-cf0742a9443c,AUD,true,fa5b3b37-5077-4ec2-9ae5-325e5d4b3f54,44bef28f-c5ab-4024-bdfd-ea392f2ba3d9,11120.0,false
3ca674c5-1afd-4dbc-aa3f-b3d488ba9db8,AUD,true,fa5b3b37-5077-4ec2-9ae5-325e5d4b3f54,fb2d073b-c2d8-4bcc-9b6d-6fcedaa84faa,34750.0,false
3cb7f934-5cb5-4ac6-b80c-a8f989b6ab60,USD,true,fa5b3b37-5077-4ec2-9ae5-325e5d4b3f54,7b257e21-a099-4126-ae33-30089f20f5c1,1159.0,false
3d326ea7-46aa-43df-a9d6-1c8e7d1708ab,USD,true,fa5b3b37-5077-4ec2-9ae5-325e5d4b3f54,d4d1c847-7f5c-42f1-9bb3-7a40a22627e7,41.0,false
3e087f69-10df-4749-ae3b-5465411b3f57,GBP,true,fa5b3b37-5077-4ec2-9ae5-325e5d4b3f54,dcc93b7e-542a-442f-8eb0-74874865a761,897.6,false
3e16c0b8-1d17-4445-af0e-efd6ca44b3e2,GBP,true,fa5b3b37-5077-4ec2-9ae5-325e5d4b3f54,9c9b47ab-e97e-4714-99dd-8c257952e052,23.2,false
3edbe73e-ddd9-4e49-aed2-edc26a6b3426,USD,true,fa5b3b37-5077-4ec2-9ae5-325e5d4b3f54,b2f341c6-f308-42ce-add0-9190cf45d086,253.0,false
3f106b53-a7f7-4a12-b454-d6bcfc50dfca,USD,true,fa5b3b37-5077-4ec2-9ae5-325e5d4b3f54,ec4c432b-3db0-4630-9f4c-434057ff8378,100.0,false
3f4de015-1f93-4631-890d-3c639245e6d0,GBP,true,fa5b3b37-5077-4ec2-9ae5-325e5d4b3f54,a879a06f-c26b-46b1-84eb-07b762b77774,180.0,false
3f9fac12-9347-4821-a211-92116ecb88a8,EUR,true,fa5b3b37-5077-4ec2-9ae5-325e5d4b3f54,7d8da3c8-8ed0-41a4-89da-5f202c2cce5c,498.75,false
3fabe426-ef00-4eff-8bf8-ee1cf5e92b93,USD,true,fa5b3b37-5077-4ec2-9ae5-325e5d4b3f54,ffb4725d-b98d-4229-be1d-85a34f67ab61,200.0,false
40211f0e-cd28-4de6-8ce4-fdffee34088e,USD,true,fa5b3b37-5077-4ec2-9ae5-325e5d4b3f54,5a47ed77-cef1-4a71-bafc-60e0fba80825,25.0,false
404abd61-a24d-44fc-ab1d-c094e63341da,GBP,true,fa5b3b37-5077-4ec2-9ae5-325e5d4b3f54,298097ef-0947-471a-9b45-0745e2534923,440.0,false
4052bd15-cdcc-4d44-a1fc-1e235f618770,AUD,true,fa5b3b37-5077-4ec2-9ae5-325e5d4b3f54,b4639874-dd10-4ddc-9bc8-8967a8a29b8c,221.01,false
40a7d63a-acd0-45f5-acff-786e8bc3f93e,USD,true,fa5b3b37-5077-4ec2-9ae5-325e5d4b3f54,298097ef-0947-471a-9b45-0745e2534923,550.0,false
4139f62e-06fc-45fa-95f6-4585e10e18b9,EUR,true,fa5b3b37-5077-4ec2-9ae5-325e5d4b3f54,9e7f5e31-7a8a-4b58-b9b9-12c144243a4f,213.75,false
413e0d0c-de81-4c0d-89b9-8c23e2802c19,USD,true,fa5b3b37-5077-4ec2-9ae5-325e5d4b3f54,fd9e9075-c3bf-40ef-aeef-ed523ec7a956,1473.0,false
42a471c3-7754-437b-a3ac-45f101d75dda,GBP,true,fa5b3b37-5077-4ec2-9ae5-325e5d4b3f54,d3b5e739-aa89-4a8c-9c1d-72fb1d8cacbf,40.0,false
42bdcbd3-5c7a-426d-89ae-b9573f7818aa,AUD,true,fa5b3b37-5077-4ec2-9ae5-325e5d4b3f54,1f4da963-19a1-495c-ac43-2a7c723cd87b,0.0,false
42c250ee-d75b-49ab-8f11-4a9912986ecd,GBP,true,fa5b3b37-5077-4ec2-9ae5-325e5d4b3f54,af64522a-88e4-400e-853b-f26eab34bc98,200.0,false
42ea748a-68a4-4f70-9e45-a33c1b50b84c,GBP,true,fa5b3b37-5077-4ec2-9ae5-325e5d4b3f54,01903301-a68d-40ae-a0cf-7d5a634e950c,240.0,false
4423da4e-1b5d-45c6-aba6-17422c0d01ad,GBP,true,fa5b3b37-5077-4ec2-9ae5-325e5d4b3f54,f336dcb8-6ca7-4b60-98aa-1cc780396602,420.0,false
442515f3-6824-4ef4-84a2-15a185a7c11f,USD,true,fa5b3b37-5077-4ec2-9ae5-325e5d4b3f54,65bd7b80-b473-4f30-9eed-44f59717af7e,250.0,false
4442a069-1179-4c26-b333-ad0ee767d423,GBP,true,fa5b3b37-5077-4ec2-9ae5-325e5d4b3f54,fd9e9075-c3bf-40ef-aeef-ed523ec7a956,1178.4,false
44ba9915-7063-46a2-a729-bb4ff786469b,EUR,true,fa5b3b37-5077-4ec2-9ae5-325e5d4b3f54,715df884-b14b-44b4-8724-968bbe2495fa,2137.5,false
44e61acd-a43e-4752-8356-d840f7281862,USD,true,fa5b3b37-5077-4ec2-9ae5-325e5d4b3f54,50bfbd9d-49d8-4831-9820-c9f1ec991f60,2400.0,false
450fde61-6f12-4545-b877-054fe0f8ba26,EUR,true,fa5b3b37-5077-4ec2-9ae5-325e5d4b3f54,e39d6d45-c8af-4ba4-9d78-b9b4a6dacbc5,4750.0,false
458bcf88-fc65-4ac5-866d-d11cf9e53a1e,AUD,true,fa5b3b37-5077-4ec2-9ae5-325e5d4b3f54,9172d3ce-6ef7-4448-8707-52ad60093b50,7810.0347,false
46f70035-475a-4ec2-b387-c752fdf243d2,GBP,true,fa5b3b37-5077-4ec2-9ae5-325e5d4b3f54,54e33ffe-9123-445a-bb9b-69dec395a5a5,9600.0,false
471141ea-99fa-45a9-9233-6f19bcb133db,EUR,true,fa5b3b37-5077-4ec2-9ae5-325e5d4b3f54,9166883d-e507-419b-88d6-a31fe8a82a16,731.025,false
4716fc07-17c8-49d6-a662-20539947739a,AUD,true,fa5b3b37-5077-4ec2-9ae5-325e5d4b3f54,3ccd2496-bfc5-49f8-82d0-5f2c35a9354d,4110.23,false
47623f4c-efbd-4bd0-960b-72a8cab794f1,EUR,true,fa5b3b37-5077-4ec2-9ae5-325e5d4b3f54,e5d77835-1f91-4876-b952-77560259c9d6,47.5,false
47c7e2f8-7a80-4da6-a0c1-b7cfdf4380d5,EUR,true,fa5b3b37-5077-4ec2-9ae5-325e5d4b3f54,91ae1130-a8c8-4cd8-84f9-9c103750169c,213.75,false
491e851f-fc24-48a3-a202-c5bd55dfdeec,USD,true,fa5b3b37-5077-4ec2-9ae5-325e5d4b3f54,11fc2741-a475-4c7e-a5ad-e642d0acfd1a,810.0,false
49b1b5c0-906f-44df-bd3b-8a66a1134003,AUD,true,fa5b3b37-5077-4ec2-9ae5-325e5d4b3f54,715df884-b14b-44b4-8724-968bbe2495fa,3127.5,false
4a9f586e-925f-403a-8349-084b779ed7ee,GBP,true,fa5b3b37-5077-4ec2-9ae5-325e5d4b3f54,68e1eb1c-6d10-4be2-bac1-16d1b92c73e2,3200.0,false
4b22e86b-b4a3-46b1-96ae-88c190437b4d,EUR,true,fa5b3b37-5077-4ec2-9ae5-325e5d4b3f54,bf80f687-c78f-461f-8b50-d826e2cd5725,1900.0,false
4b8b5399-b923-4cc6-8891-f9bced76aa69,GBP,true,fa5b3b37-5077-4ec2-9ae5-325e5d4b3f54,ff905555-a7dc-4b44-a4a4-acb2c5fe29bd,80.0,false
4bd8d873-667c-4eb7-a207-c441bd2bf9bf,AUD,true,fa5b3b37-5077-4ec2-9ae5-325e5d4b3f54,5a78fd1c-bd50-4427-b949-0cf9f4ae2810,0.0,false
4be2ce59-f9e4-4fac-8550-605ce6b181f5,USD,true,fa5b3b37-5077-4ec2-9ae5-325e5d4b3f54,b4639874-dd10-4ddc-9bc8-8967a8a29b8c,159.0,false
4c16b434-27f5-481b-8a06-cba7edf07d6c,USD,true,fa5b3b37-5077-4ec2-9ae5-325e5d4b3f54,91ae1130-a8c8-4cd8-84f9-9c103750169c,225.0,false
4c18e44f-2217-4efc-a5c0-e94011330eea,GBP,true,fa5b3b37-5077-4ec2-9ae5-325e5d4b3f54,530eb599-17e2-4f00-9d99-bc6a778e695c,1484.0,false
4d19f48f-cfa9-4797-9240-c599e762dcfb,AUD,true,fa5b3b37-5077-4ec2-9ae5-325e5d4b3f54,98408a4d-0679-47fe-a758-27684bebe546,139.0,false
4d71408f-ab6c-40ca-8d77-bd7557009bbf,EUR,true,fa5b3b37-5077-4ec2-9ae5-325e5d4b3f54,d3b5e739-aa89-4a8c-9c1d-72fb1d8cacbf,47.5,false
4db9dad5-20db-461b-a7d4-2a73e6de225e,GBP,true,fa5b3b37-5077-4ec2-9ae5-325e5d4b3f54,c9630b22-8c2f-4b25-bb3f-e7de77a1d91d,244.0,false
4e190ac9-4eaa-4a4a-a897-9d0581e25ae4,USD,true,fa5b3b37-5077-4ec2-9ae5-325e5d4b3f54,9e7f5e31-7a8a-4b58-b9b9-12c144243a4f,225.0,false
4e381c0f-9eb5-4770-976d-9ab0f09da075,EUR,true,fa5b3b37-5077-4ec2-9ae5-325e5d4b3f54,3c215587-2a45-4c30-8c9d-ad1c211e519d,1710.0,false
4e5cae5b-b332-47a3-b8bc-a174ed225702,USD,true,fa5b3b37-5077-4ec2-9ae5-325e5d4b3f54,4ac86817-d0e8-426d-9dee-8cffcf717ef3,100.0,false
4e9b9e17-4eb1-4b47-aeea-69f9798c8180,USD,true,fa5b3b37-5077-4ec2-9ae5-325e5d4b3f54,e5d77835-1f91-4876-b952-77560259c9d6,50.0,false
4ed3b13f-1ed0-4a05-af26-178f474d1dc9,GBP,true,fa5b3b37-5077-4ec2-9ae5-325e5d4b3f54,065828e5-debf-4581-b8f6-8254e35bde3c,240.0,false
4f205f91-daa7-4d7f-9f7c-07ccfc6f5f7a,EUR,true,fa5b3b37-5077-4ec2-9ae5-325e5d4b3f54,50bfbd9d-49d8-4831-9820-c9f1ec991f60,2280.0,false
4f33e0bc-93ca-44aa-8f80-4ef45dd3a3c0,GBP,true,fa5b3b37-5077-4ec2-9ae5-325e5d4b3f54,14c85530-c14c-4a0b-bbe1-e5a8f2fc534f,1178.4,false
4f3b31fc-9ed0-4032-ba56-e3b42f5ed736,GBP,true,fa5b3b37-5077-4ec2-9ae5-325e5d4b3f54,8b3568c4-ba49-4915-a908-fb08809acc13,212.8,false
4f549f37-3648-41ea-8408-b6693c581d69,EUR,true,fa5b3b37-5077-4ec2-9ae5-325e5d4b3f54,e17162c1-47aa-4914-9c79-41307c52b3a6,456.0,false
4ff38aca-7a7c-4c16-8661-9efa823c5f16,EUR,true,fa5b3b37-5077-4ec2-9ae5-325e5d4b3f54,a2105772-653a-4ea5-aee5-547f0f636288,4750.0,false
50258ad1-8271-4361-9adb-936b0c5c9894,GBP,true,fa5b3b37-5077-4ec2-9ae5-325e5d4b3f54,1884cb28-941d-40a6-a587-7ec833d38e3b,64.0,false
51319e5b-c875-4941-9949-0ca40361c8bc,AUD,true,fa5b3b37-5077-4ec2-9ae5-325e5d4b3f54,24897e23-d75e-48a4-a504-cfc263853852,0.0,false
51f7c541-3c8b-4f5a-9149-01e46289e0db,GBP,true,fa5b3b37-5077-4ec2-9ae5-325e5d4b3f54,e5a077df-b486-40b1-8281-8bce8226b773,136.0,false
5228a78f-bde6-4d0c-957e-d38026dfad73,GBP,true,fa5b3b37-5077-4ec2-9ae5-325e5d4b3f54,9e037fc0-2c81-47f5-9712-7553c457f3df,0.0,false
5279ebf9-33b1-49c8-a666-029a546df73a,GBP,true,fa5b3b37-5077-4ec2-9ae5-325e5d4b3f54,9f64edef-dd42-4f4a-b3c9-b875e0f29fb3,12000.0,false
527b1267-4f30-4b52-bc1d-fd99b937e88d,GBP,true,fa5b3b37-5077-4ec2-9ae5-325e5d4b3f54,1b80a053-6ed4-4041-b143-e90e0b62e937,12000.0,false
52ce8ffa-b76a-4023-8d38-d3d7b9569a0d,USD,true,fa5b3b37-5077-4ec2-9ae5-325e5d4b3f54,3c215587-2a45-4c30-8c9d-ad1c211e519d,1800.0,false
52e56daf-c8be-40b5-9075-dd56d5787528,USD,true,fa5b3b37-5077-4ec2-9ae5-325e5d4b3f54,b45c1ee4-0b1d-40ad-9c2f-f497d62e1141,0.0,false
537706d9-a6c1-458a-89b7-652db549a6c3,GBP,true,fa5b3b37-5077-4ec2-9ae5-325e5d4b3f54,3ccd2496-bfc5-49f8-82d0-5f2c35a9354d,2365.6,false
54f0850a-0866-4aba-bf33-b9e058d67041,AUD,true,fa5b3b37-5077-4ec2-9ae5-325e5d4b3f54,ddb8ec85-0fd5-43fd-9a81-e7fbc06f1ce8,3686.28,false
5507add5-b13b-47f4-ae5c-5f68334c4e38,EUR,true,fa5b3b37-5077-4ec2-9ae5-325e5d4b3f54,1fff1718-5444-47d0-9cf5-5f3f7df2ffdd,0.0,false
553f5e6e-8789-48a7-989b-530f775e7719,USD,true,fa5b3b37-5077-4ec2-9ae5-325e5d4b3f54,ddb8ec85-0fd5-43fd-9a81-e7fbc06f1ce8,2652.0,false
55c6a138-80fa-4a70-8a2f-42756ba28b8e,USD,true,fa5b3b37-5077-4ec2-9ae5-325e5d4b3f54,266e0040-acb6-45f6-b79e-1f1b6c9c8bee,100.0,false
55c8bdb1-2e63-42c9-a937-a3ba4d191c48,GBP,true,fa5b3b37-5077-4ec2-9ae5-325e5d4b3f54,4587ca84-8bd1-4ac9-bfec-7450dafeb9f8,159.2,false
55f5254e-4a96-40f1-8c2f-748a93dec1bc,AUD,true,fa5b3b37-5077-4ec2-9ae5-325e5d4b3f54,53951f9a-99af-4345-9453-1845d0b98c75,1390.0,false
56c295d2-7869-4bcc-a9d3-6a4040d2017d,EUR,true,fa5b3b37-5077-4ec2-9ae5-325e5d4b3f54,aa8eb145-ccd9-4167-abcd-c8ee74979ea8,47.5,false
5758bfaf-2e15-4ffd-8518-7efe3b2a5d6e,USD,true,fa5b3b37-5077-4ec2-9ae5-325e5d4b3f54,1b80a053-6ed4-4041-b143-e90e0b62e937,15000.0,false
586a04d2-29be-4e28-862c-1300b858a5cf,USD,true,fa5b3b37-5077-4ec2-9ae5-325e5d4b3f54,56293cb8-5ac0-47a2-b87c-7df42df44889,100.0,false
58d85409-eb83-40de-aa66-a1c9fdabe12d,GBP,true,fa5b3b37-5077-4ec2-9ae5-325e5d4b3f54,7910da7d-8903-4881-a7bb-5627054f2322,80.0,false
5917429f-18f6-4a5d-8ee2-a1409989bc83,GBP,true,fa5b3b37-5077-4ec2-9ae5-325e5d4b3f54,f544db94-1248-425d-a874-a7bc50cc9478,692.0,false
59b44d35-3a56-4ed1-9ab3-86419b0e2db0,USD,true,fa5b3b37-5077-4ec2-9ae5-325e5d4b3f54,f159dc80-de84-4950-b87d-40829a63a79b,2500.0,false
5b2bf75b-ca99-4745-b1dd-82e4768ddd06,EUR,true,fa5b3b37-5077-4ec2-9ae5-325e5d4b3f54,8c7ec11c-572a-4f3f-b378-1bad2f089fb4,423.7,false
5c5f6002-9d04-41db-80de-6b504cdcad4f,EUR,true,fa5b3b37-5077-4ec2-9ae5-325e5d4b3f54,004ded3b-106a-4ad8-b3b3-aae0ce6d0ca4,23.75,false
5d0c5141-8571-465a-9e0b-7efb67552bf4,EUR,true,fa5b3b37-5077-4ec2-9ae5-325e5d4b3f54,f7729b23-a489-4e45-b06b-b74433e83bf5,423.7,false
5d530e66-f84e-449e-9e78-fe814932c800,GBP,true,fa5b3b37-5077-4ec2-9ae5-325e5d4b3f54,21c3304c-600b-4fa2-83ee-0cae138219a4,1484.0,false
5d90e568-cee3-4c71-a4e6-7533827b2047,AUD,true,fa5b3b37-5077-4ec2-9ae5-325e5d4b3f54,4809382c-ac40-4118-9f97-c207570006b5,0.0,false
5d94ad24-fb17-48ee-82a9-9637507c0668,EUR,true,fa5b3b37-5077-4ec2-9ae5-325e5d4b3f54,d4d1c847-7f5c-42f1-9bb3-7a40a22627e7,38.95,false
5e827732-59e7-420e-9454-995a62711bc5,EUR,true,fa5b3b37-5077-4ec2-9ae5-325e5d4b3f54,56293cb8-5ac0-47a2-b87c-7df42df44889,95.0,false
5f3613d8-d698-4dd9-b986-add0f01f8ffa,USD,true,fa5b3b37-5077-4ec2-9ae5-325e5d4b3f54,e5a077df-b486-40b1-8281-8bce8226b773,170.0,false
5f402df6-e9f4-45dd-ac12-05cc39bd9dba,AUD,true,fa5b3b37-5077-4ec2-9ae5-325e5d4b3f54,ed1c2de8-a656-4999-a615-288702367f96,12.51,false
5f7ab15a-f377-4942-9687-9aa577a39b2d,GBP,true,fa5b3b37-5077-4ec2-9ae5-325e5d4b3f54,bf80f687-c78f-461f-8b50-d826e2cd5725,1600.0,false
5fb56098-c0bc-4ffc-beaf-12b99ec20ab8,EUR,true,fa5b3b37-5077-4ec2-9ae5-325e5d4b3f54,68e1eb1c-6d10-4be2-bac1-16d1b92c73e2,3800.0,false
6009b180-ab8a-4a0c-9f6a-d19ebda19af1,EUR,true,fa5b3b37-5077-4ec2-9ae5-325e5d4b3f54,b605ee91-1d1c-4652-bbd8-5045e1760ea7,0.0,false
61d018d3-c84e-4437-a7b3-6ed211ea135c,AUD,true,fa5b3b37-5077-4ec2-9ae5-325e5d4b3f54,2e87c186-3013-4965-8cda-598cffb0e84e,729.75,false
624289eb-eb61-44ef-a064-61048abe820e,EUR,true,fa5b3b37-5077-4ec2-9ae5-325e5d4b3f54,3f941024-d9b0-4fc1-aefa-fbe5719be4a6,190.0,false
6277cb7c-434b-4a70-b445-ad2ada508c79,EUR,true,fa5b3b37-5077-4ec2-9ae5-325e5d4b3f54,75489686-1f1b-45a4-a290-533cc16a0e12,0.95,false
6294078d-fc06-454a-b26a-10e283f52f38,GBP,true,fa5b3b37-5077-4ec2-9ae5-325e5d4b3f54,b23daee8-c6e3-40ed-bf2f-d8135aaa298e,2400.0,false
632d626a-2db0-4c1b-b1cf-3c1fed7348ff,AUD,true,fa5b3b37-5077-4ec2-9ae5-325e5d4b3f54,2647f1b6-ab4d-4de6-83a0-406cc5604ef1,554.61,false
63593db1-26a4-4091-b7da-06c8cf9248cb,EUR,true,fa5b3b37-5077-4ec2-9ae5-325e5d4b3f54,b230487d-4e25-4502-9405-dfb155bbe476,4750.0,false
636918ea-d912-416f-b42d-dc22d86eceec,USD,true,fa5b3b37-5077-4ec2-9ae5-325e5d4b3f54,d2737903-9d4a-4f26-bcf0-3b66680817c6,1122.0,false
6376e2a0-2bf1-4e20-9fd7-70b50f131086,AUD,true,fa5b3b37-5077-4ec2-9ae5-325e5d4b3f54,ef8f0644-89cc-4bc2-973f-42a6f9d63428,347.5,false
6390ff24-6e24-49e4-875f-29ac0a655baa,GBP,true,fa5b3b37-5077-4ec2-9ae5-325e5d4b3f54,ddb8ec85-0fd5-43fd-9a81-e7fbc06f1ce8,2121.6,false
63a1ed7b-4ba3-4233-a435-248cce422d5b,EUR,true,fa5b3b37-5077-4ec2-9ae5-325e5d4b3f54,f6ddfbbd-b77f-4f98-9561-e2627ba90745,190.0,false
63b73bbf-7849-4908-b76c-6bcc5c9bcfe0,EUR,true,fa5b3b37-5077-4ec2-9ae5-325e5d4b3f54,11fc2741-a475-4c7e-a5ad-e642d0acfd1a,769.5,false
64239b80-2b4c-46b1-ab95-01bc8b9120a3,USD,true,fa5b3b37-5077-4ec2-9ae5-325e5d4b3f54,715df884-b14b-44b4-8724-968bbe2495fa,2250.0,false
65344b1b-1911-49ad-964d-2a2d09e88dee,AUD,true,fa5b3b37-5077-4ec2-9ae5-325e5d4b3f54,f159dc80-de84-4950-b87d-40829a63a79b,3475.0,false
659e61e7-fc24-4c36-8f98-9d51b5760085,EUR,true,fa5b3b37-5077-4ec2-9ae5-325e5d4b3f54,65bd7b80-b473-4f30-9eed-44f59717af7e,237.5,false
65b7460c-0f95-4e99-8313-a9613d396178,USD,true,fa5b3b37-5077-4ec2-9ae5-325e5d4b3f54,004ded3b-106a-4ad8-b3b3-aae0ce6d0ca4,25.0,false
66455f82-d289-400a-97d2-c588af27e972,USD,true,fa5b3b37-5077-4ec2-9ae5-325e5d4b3f54,fb2d073b-c2d8-4bcc-9b6d-6fcedaa84faa,25000.0,false
67d2953e-3ed0-44b8-838a-728ae4637540,GBP,true,fa5b3b37-5077-4ec2-9ae5-325e5d4b3f54,fa444d8c-c07e-4b50-a82a-bf0a52e41bad,200.0,false
67dffbf4-e401-4da8-923d-b8d75460013a,AUD,true,fa5b3b37-5077-4ec2-9ae5-325e5d4b3f54,b2f341c6-f308-42ce-add0-9190cf45d086,351.67,false
68121148-97e2-4602-bafc-dd5b43911e7e,AUD,true,fa5b3b37-5077-4ec2-9ae5-325e5d4b3f54,a474b155-91e3-464e-ac9e-e333a180fc46,764.5,false
6855d297-0c55-40a2-a70f-556197e21c1b,EUR,true,fa5b3b37-5077-4ec2-9ae5-325e5d4b3f54,9c9b47ab-e97e-4714-99dd-8c257952e052,27.55,false
68718309-d4f9-4967-b357-63d0254a1e23,GBP,true,fa5b3b37-5077-4ec2-9ae5-325e5d4b3f54,4ac86817-d0e8-426d-9dee-8cffcf717ef3,80.0,false
687c365a-d2e3-4389-b18d-05d7c989dc12,GBP,true,fa5b3b37-5077-4ec2-9ae5-325e5d4b3f54,0388d276-38b8-4dd5-b683-ba19f4584f14,1600.0,false
68b44591-ebff-472c-9599-1c85cd30b3b1,EUR,true,fa5b3b37-5077-4ec2-9ae5-325e5d4b3f54,4263261b-ac2a-49d9-b31d-786e1ca76e82,190.0,false
68e2bc7b-a326-41fb-be02-3b58b6a655eb,AUD,true,fa5b3b37-5077-4ec2-9ae5-325e5d4b3f54,db7fc448-40c3-4228-b20c-31ab2e5c6c2e,13900.0,false
68edb140-fb26-4080-8685-1c9c7a13d6a9,USD,true,fa5b3b37-5077-4ec2-9ae5-325e5d4b3f54,808bf517-c2e9-41bf-b973-67c6462b8519,2600.0,false
69ce3310-8482-43e1-9cac-4e28a8070e6e,USD,true,fa5b3b37-5077-4ec2-9ae5-325e5d4b3f54,88910820-bd72-42db-8729-f503e0e6801b,100.0,false
6a249186-0b45-4e57-8a9f-9a4c9d3d5739,USD,true,fa5b3b37-5077-4ec2-9ae5-325e5d4b3f54,dbe181dc-5664-4bc0-96aa-8c21124f6124,0.0,false
6a4e5027-0f69-4d81-bed8-19b05cdf7e4d,EUR,true,fa5b3b37-5077-4ec2-9ae5-325e5d4b3f54,065828e5-debf-4581-b8f6-8254e35bde3c,285.0,false
6a672044-5d1e-455b-a308-5941e3417171,AUD,true,fa5b3b37-5077-4ec2-9ae5-325e5d4b3f54,14c85530-c14c-4a0b-bbe1-e5a8f2fc534f,2047.47,false
6aa6cf17-735c-4c24-9489-eaf8018d583f,GBP,true,fa5b3b37-5077-4ec2-9ae5-325e5d4b3f54,357c2212-bb82-4a28-9f44-20065855d85b,120.0,false
6b422b4e-e9d3-4284-be8b-f5577484375e,EUR,true,fa5b3b37-5077-4ec2-9ae5-325e5d4b3f54,f336dcb8-6ca7-4b60-98aa-1cc780396602,498.75,false
6b86aa1f-3a89-4ea7-b4f4-8fd5dbf2b6ce,AUD,true,fa5b3b37-5077-4ec2-9ae5-325e5d4b3f54,b23daee8-c6e3-40ed-bf2f-d8135aaa298e,4170.0,false
6be5034c-6efa-475a-bc7c-298bb3ebda2c,GBP,true,fa5b3b37-5077-4ec2-9ae5-325e5d4b3f54,402de26c-077f-47d1-9aaf-1a14cbd8654b,400.0,false
6c92d7af-3bc9-43d1-bc8a-075f549f6574,EUR,true,fa5b3b37-5077-4ec2-9ae5-325e5d4b3f54,ec4c432b-3db0-4630-9f4c-434057ff8378,95.0,false
6cd38fbb-5017-4854-9068-705d722f026d,USD,true,fa5b3b37-5077-4ec2-9ae5-325e5d4b3f54,3ccd2496-bfc5-49f8-82d0-5f2c35a9354d,2957.0,false
6cd98047-a7c6-43dd-bc6f-18d3f45997a8,GBP,true,fa5b3b37-5077-4ec2-9ae5-325e5d4b3f54,6d90f183-63a3-4b5c-84cb-c9de7b63f5fa,9.6,false
6d76e465-a242-4d20-87e6-be8860871dcf,GBP,true,fa5b3b37-5077-4ec2-9ae5-325e5d4b3f54,30723057-aadf-4e0b-b63b-9a7621b7cd6e,80.0,false
6e773bf9-1a3f-4f11-a4ae-aaedefb6594e,EUR,true,fa5b3b37-5077-4ec2-9ae5-325e5d4b3f54,65067626-beab-4e5b-933d-903aa6a79848,284.05,false
6eff9f3d-52a1-4119-8767-a5491a16b72c,USD,true,fa5b3b37-5077-4ec2-9ae5-325e5d4b3f54,aa8eb145-ccd9-4167-abcd-c8ee74979ea8,50.0,false
6fad27c4-b16c-4fbf-a1e1-6aa24fd2ed38,GBP,true,fa5b3b37-5077-4ec2-9ae5-325e5d4b3f54,e1396f4f-14e9-4ea8-a2e8-a35ab4f4451a,14000.0,false
700d5707-fc8f-45f2-a382-c40efb5c09ef,USD,true,0cb252d7-14d2-47a4-97a0-e6508256d203,ffb4725d-b98d-4229-be1d-85a34f67ab61,200.0,false
709055ed-c55f-4c11-9280-033b689f06af,USD,true,fa5b3b37-5077-4ec2-9ae5-325e5d4b3f54,629312f4-eb08-4d13-96bc-68db51aa3e3a,7.95,false
71229e54-0aff-4aeb-9fe6-907a76426024,AUD,true,fa5b3b37-5077-4ec2-9ae5-325e5d4b3f54,9fcf60ba-4e8b-4e76-82db-812b6a6cc79b,20.85,false
71cd6190-22cc-4f62-a835-7127d05bf06e,EUR,true,fa5b3b37-5077-4ec2-9ae5-325e5d4b3f54,ae6f8353-10c7-4ade-b234-8b555e8c114e,165.3,false
7249fd37-3b08-4611-8d8b-434c64b4663a,AUD,true,fa5b3b37-5077-4ec2-9ae5-325e5d4b3f54,1863ea37-f1e5-4cb4-899c-93764364eeee,2780.0,false
724a639c-460a-4a8c-b4a5-4cdd11acf8ed,AUD,true,fa5b3b37-5077-4ec2-9ae5-325e5d4b3f54,e2031b65-9810-477f-af3c-a7d1b7ed31ea,139.0,false
724ef52b-a3f2-47be-aab1-9d6eb9c175f9,USD,true,fa5b3b37-5077-4ec2-9ae5-325e5d4b3f54,7459f179-061f-411a-a36d-9a00cd7a07bc,2400.0,false
726db2f0-6ef0-4cd1-9cdc-52136b9b991c,GBP,true,fa5b3b37-5077-4ec2-9ae5-325e5d4b3f54,88910820-bd72-42db-8729-f503e0e6801b,80.0,false
7271affb-f689-4156-9c8d-fa16c609f85c,USD,true,fa5b3b37-5077-4ec2-9ae5-325e5d4b3f54,18046ac8-91b1-4680-a1e1-f468ab94e46b,2652.0,false
73de2c34-133d-4c6c-9469-e9bcf490f234,AUD,true,fa5b3b37-5077-4ec2-9ae5-325e5d4b3f54,ae3c9dfc-5737-40f6-b8e2-d9576da2fffb,416.9861,false
73f83e76-e12d-4a30-8256-dc53258de258,GBP,true,fa5b3b37-5077-4ec2-9ae5-325e5d4b3f54,2b43614f-582a-4dba-96bc-65ac1c906cc6,0.0,false
7558f22d-54d8-43b3-a99d-ae5b2d2457f4,AUD,true,fa5b3b37-5077-4ec2-9ae5-325e5d4b3f54,65067626-beab-4e5b-933d-903aa6a79848,415.61,false
75843b1a-7fca-4871-9cf4-1de3da4f3d79,GBP,true,fa5b3b37-5077-4ec2-9ae5-325e5d4b3f54,7459f179-061f-411a-a36d-9a00cd7a07bc,1920.0,false
75c8a332-141a-45d3-9d78-a435e4838871,USD,true,fa5b3b37-5077-4ec2-9ae5-325e5d4b3f54,e39d6d45-c8af-4ba4-9d78-b9b4a6dacbc5,5000.0,false
76004648-3edc-467d-94d1-ba492df44e59,USD,true,fa5b3b37-5077-4ec2-9ae5-325e5d4b3f54,1863ea37-f1e5-4cb4-899c-93764364eeee,2000.0,false
760574b6-7b5c-4029-87ff-c701e9d56885,AUD,true,fa5b3b37-5077-4ec2-9ae5-325e5d4b3f54,ff905555-a7dc-4b44-a4a4-acb2c5fe29bd,139.0,false
7639a0f7-2d44-4d0b-89fb-2045fc8ab512,EUR,true,fa5b3b37-5077-4ec2-9ae5-325e5d4b3f54,ddb8ec85-0fd5-43fd-9a81-e7fbc06f1ce8,2519.4,false
765b2e46-9fa6-45eb-a3d3-ec488ccff513,EUR,true,fa5b3b37-5077-4ec2-9ae5-325e5d4b3f54,62932448-67d1-4044-8961-5fce2eae0fbb,95.0,false
76f30b2c-e2b1-4c48-947f-76469f404c2e,EUR,true,fa5b3b37-5077-4ec2-9ae5-325e5d4b3f54,85f78d3f-28ba-4291-bbf3-52357a69999e,95.0,false
777cb22b-e0b1-4bf1-8ed9-5d1d36b6225e,EUR,true,fa5b3b37-5077-4ec2-9ae5-325e5d4b3f54,b4639874-dd10-4ddc-9bc8-8967a8a29b8c,151.05,false
77f23786-8076-4862-bd32-fbb275b0bc6e,EUR,true,fa5b3b37-5077-4ec2-9ae5-325e5d4b3f54,109dd2af-0246-43ce-926c-1d37094cde9b,9.5,false
79e6e163-08b5-4beb-9160-8804aeb286c2,USD,true,fa5b3b37-5077-4ec2-9ae5-325e5d4b3f54,f7729b23-a489-4e45-b06b-b74433e83bf5,446.0,false
7a5de209-2eb1-46f5-9062-753a5bcc4afc,GBP,true,fa5b3b37-5077-4ec2-9ae5-325e5d4b3f54,735f8c87-da4b-462b-abc9-df6482f38dfc,2319.2,false
7a799ca0-81b8-42bc-a598-a432e753a7ef,GBP,true,fa5b3b37-5077-4ec2-9ae5-325e5d4b3f54,004ded3b-106a-4ad8-b3b3-aae0ce6d0ca4,20.0,false
7b5a1032-3bde-4b48-bd87-a9141b3a1d08,USD,true,fa5b3b37-5077-4ec2-9ae5-325e5d4b3f54,9f64edef-dd42-4f4a-b3c9-b875e0f29fb3,15000.0,false
7b910407-e068-49bd-b1d1-97a5fe99a3f4,GBP,true,fa5b3b37-5077-4ec2-9ae5-325e5d4b3f54,02a89180-780a-48ee-90c2-76fd8f37f6b3,4.0,false
7c145204-64bd-49c2-a085-e26f44a1472a,AUD,true,fa5b3b37-5077-4ec2-9ae5-325e5d4b3f54,7b257e21-a099-4126-ae33-30089f20f5c1,1611.01,false
7d2178eb-dca4-41ff-bd68-10cb6c4d838a,GBP,true,fa5b3b37-5077-4ec2-9ae5-325e5d4b3f54,f11da937-eb30-4606-abb6-92cc4e53dfc7,1100.48,false
7d589a99-cffb-468a-b596-4d0bd0fb0bd3,USD,true,fa5b3b37-5077-4ec2-9ae5-325e5d4b3f54,cabd406f-e3d7-4f33-ac60-fd24874fb6a0,0.0,false
7d5a15e0-416c-4e00-b8fc-eaf5de4d9fad,AUD,true,fa5b3b37-5077-4ec2-9ae5-325e5d4b3f54,18046ac8-91b1-4680-a1e1-f468ab94e46b,3686.28,false
7d65ae4d-9f72-43cd-be12-c41acb1995c1,AUD,true,fa5b3b37-5077-4ec2-9ae5-325e5d4b3f54,cd7375d9-1ca4-45e6-8f88-6a93ae91df88,2488.1,false
7daded88-ba5e-4d52-9d3e-04898e39d7be,EUR,true,fa5b3b37-5077-4ec2-9ae5-325e5d4b3f54,b2f341c6-f308-42ce-add0-9190cf45d086,240.35,false
7db98662-3ff7-4963-a6da-d838b5b53a00,EUR,true,fa5b3b37-5077-4ec2-9ae5-325e5d4b3f54,9172d3ce-6ef7-4448-8707-52ad60093b50,5337.7935,false
7dc1a4c2-6dec-44cc-92a9-2557efee4832,USD,true,fa5b3b37-5077-4ec2-9ae5-325e5d4b3f54,0388d276-38b8-4dd5-b683-ba19f4584f14,2000.0,false
7dd3c23d-3745-4508-aa3b-20045adee9e1,EUR,true,fa5b3b37-5077-4ec2-9ae5-325e5d4b3f54,3b0f49bf-ac36-4682-8ebc-625c45905288,1900.0,false
7e2266cb-db3f-4bbd-ae03-67f2be7ed8dd,GBP,true,fa5b3b37-5077-4ec2-9ae5-325e5d4b3f54,85f78d3f-28ba-4291-bbf3-52357a69999e,80.0,false
7e74a940-cea6-4c7d-b2c4-6473b6ceaf41,AUD,true,fa5b3b37-5077-4ec2-9ae5-325e5d4b3f54,d843e1db-7352-456f-a892-3b86aa26705c,347.5,false
7f590d77-b91a-4346-9e50-855a27de75ab,USD,true,fa5b3b37-5077-4ec2-9ae5-325e5d4b3f54,54e33ffe-9123-445a-bb9b-69dec395a5a5,12000.0,false
7f65581e-0862-422f-a6d3-6a9e984498ef,EUR,true,fa5b3b37-5077-4ec2-9ae5-325e5d4b3f54,266e0040-acb6-45f6-b79e-1f1b6c9c8bee,95.0,false
7f8651b1-203a-4ca6-b2a0-85fd6d27f1a9,GBP,true,fa5b3b37-5077-4ec2-9ae5-325e5d4b3f54,f925dbac-41a1-497e-9757-e9257b950976,4000.0,false
7fa5c405-dc06-433c-9ee1-a40dc9b3dae0,USD,true,fa5b3b37-5077-4ec2-9ae5-325e5d4b3f54,109dd2af-0246-43ce-926c-1d37094cde9b,10.0,false
80c0e9db-3657-4627-a230-748c88393ebd,USD,true,fa5b3b37-5077-4ec2-9ae5-325e5d4b3f54,14530968-1aa6-4d4c-ae1b-755011f581a0,0.0,false
8195f107-26ed-4c46-9744-0c89fa1de612,EUR,true,fa5b3b37-5077-4ec2-9ae5-325e5d4b3f54,0c124a52-73bd-4cba-8e4b-b865b06afebb,94.05,false
819e0ea6-f6c4-42ab-924c-af736a7ab66a,EUR,true,fa5b3b37-5077-4ec2-9ae5-325e5d4b3f54,c03e46fb-1bdc-4065-88a1-4eb231a71807,379.05,false
82167e04-92ed-4220-b487-51e1ea7aa8d9,GBP,true,fa5b3b37-5077-4ec2-9ae5-325e5d4b3f54,ae3c9dfc-5737-40f6-b8e2-d9576da2fffb,239.992,false
828f00c5-213d-40b5-a896-cb838cdef8a0,USD,true,fa5b3b37-5077-4ec2-9ae5-325e5d4b3f54,92e1c626-9f65-4708-92a7-abc623f3553a,8500.0,false
829fdc0e-de4e-4d45-b9dc-bd2ee9bd2047,GBP,true,fa5b3b37-5077-4ec2-9ae5-325e5d4b3f54,db7fc448-40c3-4228-b20c-31ab2e5c6c2e,8000.0,false
84a784ef-3b54-43fd-b5f8-7771e0f377e9,USD,true,fa5b3b37-5077-4ec2-9ae5-325e5d4b3f54,a879a06f-c26b-46b1-84eb-07b762b77774,225.0,false
84b464dd-fa4b-4f98-90c6-67d8c14eda9a,AUD,true,fa5b3b37-5077-4ec2-9ae5-325e5d4b3f54,402de26c-077f-47d1-9aaf-1a14cbd8654b,695.0,false
85639795-393d-4922-ad5f-b717fe51c4a2,EUR,true,fa5b3b37-5077-4ec2-9ae5-325e5d4b3f54,1b80a053-6ed4-4041-b143-e90e0b62e937,14250.0,false
856ad870-83de-4a1f-8b26-4663fcbdc0e2,EUR,true,fa5b3b37-5077-4ec2-9ae5-325e5d4b3f54,9fcf60ba-4e8b-4e76-82db-812b6a6cc79b,14.25,false
858f4b54-d142-4fa7-876b-5108f454790f,EUR,true,fa5b3b37-5077-4ec2-9ae5-325e5d4b3f54,3ccd2496-bfc5-49f8-82d0-5f2c35a9354d,2809.15,false
85b51bfb-b8af-4ccc-a807-31f9ecb4853b,AUD,true,fa5b3b37-5077-4ec2-9ae5-325e5d4b3f54,06622321-7906-4174-8569-f2cd66189af2,208.5,false
86259975-b956-4c6a-8cff-b824a783366c,USD,true,fa5b3b37-5077-4ec2-9ae5-325e5d4b3f54,f6ddfbbd-b77f-4f98-9561-e2627ba90745,200.0,false
865608c9-2483-4e89-8bf3-ef752f2b3714,AUD,true,fa5b3b37-5077-4ec2-9ae5-325e5d4b3f54,6bb42276-52f8-4a25-a569-c2abff773d9e,19460.0,false
86990d60-9e5d-4089-a15b-e68c0daf249b,GBP,true,fa5b3b37-5077-4ec2-9ae5-325e5d4b3f54,7aff88bf-3e69-413a-96f2-5b747ed9db76,692.0,false
86ab95b1-a27e-40cf-bc2d-ca78bab5ca0a,USD,true,fa5b3b37-5077-4ec2-9ae5-325e5d4b3f54,02a89180-780a-48ee-90c2-76fd8f37f6b3,5.0,false
870cc967-d25f-4314-99b9-4a11707f957e,EUR,true,fa5b3b37-5077-4ec2-9ae5-325e5d4b3f54,1863ea37-f1e5-4cb4-899c-93764364eeee,1900.0,false
877d1fc8-533c-47c2-859d-76d7f2a82111,EUR,true,fa5b3b37-5077-4ec2-9ae5-325e5d4b3f54,dd03d4c0-4d58-4a0a-bd06-f8fb5e7b9ef6,2291.4,false
87c79e9e-cfb1-4280-abae-0bb29e3598a3,AUD,true,fa5b3b37-5077-4ec2-9ae5-325e5d4b3f54,a2105772-653a-4ea5-aee5-547f0f636288,6950.0,false
87e2a74b-54ad-4777-8c09-5da3deac0035,GBP,true,fa5b3b37-5077-4ec2-9ae5-325e5d4b3f54,65bd7b80-b473-4f30-9eed-44f59717af7e,200.0,false
88ad12bf-755d-4b4b-90a5-6934c2b8a848,AUD,true,fa5b3b37-5077-4ec2-9ae5-325e5d4b3f54,88910820-bd72-42db-8729-f503e0e6801b,139.0,false
893acc18-a030-47c0-a31b-78ebea93355a,EUR,true,fa5b3b37-5077-4ec2-9ae5-325e5d4b3f54,01903301-a68d-40ae-a0cf-7d5a634e950c,285.0,false
8a8d669b-7c74-4e48-af57-d090197c4c8c,GBP,true,fa5b3b37-5077-4ec2-9ae5-325e5d4b3f54,f7729b23-a489-4e45-b06b-b74433e83bf5,356.8,false
8a99b3e8-f618-4939-9b8e-6f91730352d6,AUD,true,fa5b3b37-5077-4ec2-9ae5-325e5d4b3f54,b5b0072e-ef57-4c69-9691-71ad80c9b519,2130.87,false
8b20780b-a76b-4da5-8ceb-6861a07ec6ab,AUD,true,fa5b3b37-5077-4ec2-9ae5-325e5d4b3f54,7459f179-061f-411a-a36d-9a00cd7a07bc,3336.0,false
8b3665c3-8ddb-4fb5-92a5-54cffd745e2c,GBP,true,fa5b3b37-5077-4ec2-9ae5-325e5d4b3f54,e56f51ee-eba7-45eb-be4a-4f73fb8f2b0a,8000.0,false
8bcccc99-0e68-422b-9e26-3d64b3554130,AUD,true,fa5b3b37-5077-4ec2-9ae5-325e5d4b3f54,e1396f4f-14e9-4ea8-a2e8-a35ab4f4451a,24325.0,false
8bfaab63-a7e0-471e-85ef-105b70d48476,GBP,true,fa5b3b37-5077-4ec2-9ae5-325e5d4b3f54,d1152b85-e466-4c81-a7e4-ccc0049b7d69,536.0,false
8cd78ccc-e58a-4f1a-aa21-2ab92b51091c,EUR,true,fa5b3b37-5077-4ec2-9ae5-325e5d4b3f54,313d9020-4e2a-4d1a-a4f4-d14d53eb6150,240.35,false
8dfa0db2-f9ef-4bff-aa4b-96373a3d2012,AUD,true,fa5b3b37-5077-4ec2-9ae5-325e5d4b3f54,680457e3-0024-463a-892e-5f3d7ee9ad14,27800.0,false
8f29286f-e9cd-473f-8c52-29d0301cad2f,EUR,true,fa5b3b37-5077-4ec2-9ae5-325e5d4b3f54,1e5e5793-c8dc-45a9-8c7f-ae7a8b4103f1,38.95,false
8fa82acf-7761-405c-9ac3-f2e3a61145e9,GBP,true,fa5b3b37-5077-4ec2-9ae5-325e5d4b3f54,3f941024-d9b0-4fc1-aefa-fbe5719be4a6,160.0,false
8fc571f4-53c5-40b7-b17e-e8ed799a9f48,GBP,true,fa5b3b37-5077-4ec2-9ae5-325e5d4b3f54,a949dbbf-9474-4cfa-84a4-677f46047ce1,80.0,false
901478ec-f02c-493d-bcb1-7e2020b03c21,AUD,true,fa5b3b37-5077-4ec2-9ae5-325e5d4b3f54,9e037fc0-2c81-47f5-9712-7553c457f3df,0.0,false
90df19f1-01b2-4c79-ac10-b2ae3e84e2d4,GBP,true,fa5b3b37-5077-4ec2-9ae5-325e5d4b3f54,541ea312-1904-4ec6-bd0d-6666c04f5d71,1030.4,false
92f60cbf-fb9e-4d6a-bed5-39a0840a33b6,GBP,true,fa5b3b37-5077-4ec2-9ae5-325e5d4b3f54,325a1a0a-7b4c-44e8-b0a2-db5c3eb6396b,19200.0,false
93275809-7748-42f5-9466-cec3113e7714,EUR,true,fa5b3b37-5077-4ec2-9ae5-325e5d4b3f54,d2737903-9d4a-4f26-bcf0-3b66680817c6,1065.9,false
938714c2-b5ad-4fdf-b13a-5184c4932482,USD,true,fa5b3b37-5077-4ec2-9ae5-325e5d4b3f54,9e037fc0-2c81-47f5-9712-7553c457f3df,0.0,false
943756c3-03f8-4d16-a2ab-db4bc083ce1b,GBP,true,fa5b3b37-5077-4ec2-9ae5-325e5d4b3f54,24897e23-d75e-48a4-a504-cfc263853852,0.0,false
946bc86f-d5ff-45c0-bd8c-183ae12a819c,USD,true,fa5b3b37-5077-4ec2-9ae5-325e5d4b3f54,14c85530-c14c-4a0b-bbe1-e5a8f2fc534f,1473.0,false
9492fe0e-95de-4453-8995-61ad0b94d906,AUD,true,fa5b3b37-5077-4ec2-9ae5-325e5d4b3f54,8082df33-6d80-4703-ada8-d1537bc09f27,16680.0,false
94e3f87d-6937-4618-8a88-fcef7ad07d7c,USD,true,fa5b3b37-5077-4ec2-9ae5-325e5d4b3f54,cd7375d9-1ca4-45e6-8f88-6a93ae91df88,1790.0,false
95cfee56-c857-4c45-8717-1ae73ed729c5,GBP,true,fa5b3b37-5077-4ec2-9ae5-325e5d4b3f54,3c215587-2a45-4c30-8c9d-ad1c211e519d,1440.0,false
9641525a-80ea-4d9d-9e76-330145ec338a,GBP,true,fa5b3b37-5077-4ec2-9ae5-325e5d4b3f54,9166883d-e507-419b-88d6-a31fe8a82a16,615.6,false
96f9ee0b-9fc2-4701-86d0-168f4ac7441c,EUR,true,fa5b3b37-5077-4ec2-9ae5-325e5d4b3f54,b5b0072e-ef57-4c69-9691-71ad80c9b519,1456.35,false
972e7239-0843-49e9-97c3-5edb4a25242b,EUR,true,fa5b3b37-5077-4ec2-9ae5-325e5d4b3f54,6bb42276-52f8-4a25-a569-c2abff773d9e,13300.0,false
97eea190-83c9-4c7b-840e-e4d03182a393,USD,true,fa5b3b37-5077-4ec2-9ae5-325e5d4b3f54,62f88ba0-23a3-4247-b723-7b1535e7d0bc,125.0,false
984ffccd-4e17-4862-b8b1-779a0a19b246,GBP,true,fa5b3b37-5077-4ec2-9ae5-325e5d4b3f54,1fff1718-5444-47d0-9cf5-5f3f7df2ffdd,0.0,false
98cc0cb7-82da-4a4b-a545-d6c2ad2bcb18,AUD,true,fa5b3b37-5077-4ec2-9ae5-325e5d4b3f54,11fc2741-a475-4c7e-a5ad-e642d0acfd1a,1125.9,false
98e6e1f7-d0d7-4afe-8eab-cd509d36cc95,USD,true,fa5b3b37-5077-4ec2-9ae5-325e5d4b3f54,d3b5e739-aa89-4a8c-9c1d-72fb1d8cacbf,50.0,false
9976b65e-8f40-4e46-8f85-c637d23af09a,AUD,true,fa5b3b37-5077-4ec2-9ae5-325e5d4b3f54,bf80f687-c78f-461f-8b50-d826e2cd5725,2780.0,false
99c3edd3-0f09-4433-9bba-b7a446f5df4d,EUR,true,fa5b3b37-5077-4ec2-9ae5-325e5d4b3f54,f4f195b4-e816-45fa-9497-95f1a81699a3,5700.0,false
9bc012d0-d245-4e93-b61f-0984a72a206d,AUD,true,fa5b3b37-5077-4ec2-9ae5-325e5d4b3f54,e56f51ee-eba7-45eb-be4a-4f73fb8f2b0a,13900.0,false
9c29a780-71e4-4b2a-b108-6e7108dd31aa,EUR,true,fa5b3b37-5077-4ec2-9ae5-325e5d4b3f54,ef8f0644-89cc-4bc2-973f-42a6f9d63428,237.5,false
9cb59adb-b519-4999-b591-bbbabe510427,GBP,true,fa5b3b37-5077-4ec2-9ae5-325e5d4b3f54,7b257e21-a099-4126-ae33-30089f20f5c1,927.2,false
9e2564d6-6ece-4d52-b7eb-a53d52266016,AUD,true,fa5b3b37-5077-4ec2-9ae5-325e5d4b3f54,00ed639c-c7db-4364-8723-2d08447df0d6,276.61,false
9e71d137-519c-4343-a720-76854bf44550,AUD,true,fa5b3b37-5077-4ec2-9ae5-325e5d4b3f54,256683ec-17e7-4424-89f7-a1a03e190c7c,278.0,false
9ecc00dc-e22e-4014-8a83-c5c0ec4d0c58,EUR,true,fa5b3b37-5077-4ec2-9ae5-325e5d4b3f54,ed1c2de8-a656-4999-a615-288702367f96,8.55,false
9fad7391-6269-4e3e-93d1-ebf01632856d,GBP,true,fa5b3b37-5077-4ec2-9ae5-325e5d4b3f54,fb2d073b-c2d8-4bcc-9b6d-6fcedaa84faa,20000.0,false
9fe52815-0a60-4e07-9823-1bd65e303b8a,GBP,true,fa5b3b37-5077-4ec2-9ae5-325e5d4b3f54,680457e3-0024-463a-892e-5f3d7ee9ad14,16000.0,false
a0c0cb4e-1d9e-49e8-bc4e-5e5e981c6fe8,AUD,true,fa5b3b37-5077-4ec2-9ae5-325e5d4b3f54,30b14b5f-8629-4a0d-96fb-09ef60b32030,18.07,false
a0f07062-d654-4cf5-84eb-4a6851d82c90,EUR,true,fa5b3b37-5077-4ec2-9ae5-325e5d4b3f54,9f64edef-dd42-4f4a-b3c9-b875e0f29fb3,14250.0,false
a16ebbd8-bd6b-490b-b2e1-28f322b5db33,USD,true,fa5b3b37-5077-4ec2-9ae5-325e5d4b3f54,9172d3ce-6ef7-4448-8707-52ad60093b50,5618.73,false
a1e14695-0c26-4fd9-8e09-cf26cae6338b,AUD,true,fa5b3b37-5077-4ec2-9ae5-325e5d4b3f54,4769660c-53d9-49e2-9a2a-59b89e235932,83.4,false
a208b083-e106-4a41-80c3-d717a0bd6627,AUD,true,fa5b3b37-5077-4ec2-9ae5-325e5d4b3f54,0c124a52-73bd-4cba-8e4b-b865b06afebb,137.61,false
a31b282d-abec-4e30-bfd1-9a7a3d348b01,AUD,true,fa5b3b37-5077-4ec2-9ae5-325e5d4b3f54,4cd9aeb3-6935-4242-bb34-1aa54e7d9573,834.0,false
a3be040d-7534-4753-97d5-78433e8474ee,AUD,true,fa5b3b37-5077-4ec2-9ae5-325e5d4b3f54,ac040496-a333-4983-92a6-1bf45fcbce89,50.04,false
a3c05d04-c962-4642-a2dd-1d7edcb6574f,AUD,true,fa5b3b37-5077-4ec2-9ae5-325e5d4b3f54,109dd2af-0246-43ce-926c-1d37094cde9b,13.9,false
a40efc2a-4155-4fb8-b70b-abcf6d3d8936,AUD,true,fa5b3b37-5077-4ec2-9ae5-325e5d4b3f54,30723057-aadf-4e0b-b63b-9a7621b7cd6e,139.0,false
a44a3729-f947-408f-b123-f85344a03147,AUD,true,fa5b3b37-5077-4ec2-9ae5-325e5d4b3f54,62932448-67d1-4044-8961-5fce2eae0fbb,139.0,false
a559868a-a6d1-45cc-b220-5ee6b7901897,USD,true,fa5b3b37-5077-4ec2-9ae5-325e5d4b3f54,01903301-a68d-40ae-a0cf-7d5a634e950c,300.0,false
a5d20eff-1caa-4eab-a474-62245c3fed67,AUD,true,fa5b3b37-5077-4ec2-9ae5-325e5d4b3f54,f336dcb8-6ca7-4b60-98aa-1cc780396602,729.75,false
a635359e-b2bb-404b-8394-54ca85abf14a,USD,true,fa5b3b37-5077-4ec2-9ae5-325e5d4b3f54,1e5e5793-c8dc-45a9-8c7f-ae7a8b4103f1,41.0,false
a64492d5-69d9-49ac-8824-6059dd9bba01,USD,true,fa5b3b37-5077-4ec2-9ae5-325e5d4b3f54,1884cb28-941d-40a6-a587-7ec833d38e3b,80.0,false
a6799757-1fcf-46e0-bd92-95c54cc9b2f9,AUD,true,fa5b3b37-5077-4ec2-9ae5-325e5d4b3f54,735f8c87-da4b-462b-abc9-df6482f38dfc,4029.61,false
a6f328cf-fd03-4197-9945-040ada536e55,USD,true,fa5b3b37-5077-4ec2-9ae5-325e5d4b3f54,8b3568c4-ba49-4915-a908-fb08809acc13,266.0,false
a703c387-717e-4991-8613-b63fd1a4f11d,EUR,true,fa5b3b37-5077-4ec2-9ae5-325e5d4b3f54,71602f9d-232a-46b4-90b6-2ea82cae651e,475.0,false
a739ca6b-da63-4c5c-aa7d-3366d27a70b0,EUR,true,fa5b3b37-5077-4ec2-9ae5-325e5d4b3f54,5a78fd1c-bd50-4427-b949-0cf9f4ae2810,0.0,false
a750f374-b235-44e8-bf57-d0e35ea0c4f8,GBP,true,fa5b3b37-5077-4ec2-9ae5-325e5d4b3f54,b4639874-dd10-4ddc-9bc8-8967a8a29b8c,127.2,false
a8a6efce-a6dd-4e8f-b42a-e3d2a71d3f3e,EUR,true,fa5b3b37-5077-4ec2-9ae5-325e5d4b3f54,ae3c9dfc-5737-40f6-b8e2-d9576da2fffb,284.9905,false
a90d849f-eb90-4644-8e2a-f821cc819389,GBP,true,fa5b3b37-5077-4ec2-9ae5-325e5d4b3f54,715df884-b14b-44b4-8724-968bbe2495fa,1800.0,false
a92302f7-a465-4ed6-b2e2-542dbc686f9c,EUR,true,fa5b3b37-5077-4ec2-9ae5-325e5d4b3f54,29bd993d-ecfb-4b2e-bd53-36e5573242dd,1.1875,false
a92afb18-6343-4f51-a7b8-a620106707d1,GBP,true,fa5b3b37-5077-4ec2-9ae5-325e5d4b3f54,8c7ec11c-572a-4f3f-b378-1bad2f089fb4,356.8,false
a93fd1c1-969b-49db-8632-6fcb296c75af,AUD,true,fa5b3b37-5077-4ec2-9ae5-325e5d4b3f54,f6ddfbbd-b77f-4f98-9561-e2627ba90745,278.0,false
a94ba827-8565-4e90-9b2b-ec90b6d20874,AUD,true,fa5b3b37-5077-4ec2-9ae5-325e5d4b3f54,266e0040-acb6-45f6-b79e-1f1b6c9c8bee,139.0,false
a97733d5-f010-4e87-b571-5d770f6a1a67,USD,true,fa5b3b37-5077-4ec2-9ae5-325e5d4b3f54,c74d1b2a-3220-4d50-9c1f-0541a7eec1b0,1000.0,false
a9c79cb4-4568-43b3-8bff-9ae0b0c0b8b1,GBP,true,fa5b3b37-5077-4ec2-9ae5-325e5d4b3f54,2e87c186-3013-4965-8cda-598cffb0e84e,420.0,false
aa4f20cb-36e4-4017-bc86-93985aa8575f,AUD,true,fa5b3b37-5077-4ec2-9ae5-325e5d4b3f54,02a89180-780a-48ee-90c2-76fd8f37f6b3,6.95,false
aad1d2a5-f821-45cc-979a-5e91c4330cbc,GBP,true,fa5b3b37-5077-4ec2-9ae5-325e5d4b3f54,355bf7cb-de92-48e8-8957-54408c171e5b,80.0,false
aad59856-48a9-4c8e-84dd-e1febc53bff3,AUD,true,fa5b3b37-5077-4ec2-9ae5-325e5d4b3f54,871972b4-9858-4ca4-947c-3f0920e0e4d2,0.0,false
aae14873-0540-4151-9616-7267178a39f8,EUR,true,fa5b3b37-5077-4ec2-9ae5-325e5d4b3f54,256683ec-17e7-4424-89f7-a1a03e190c7c,190.0,false
ab0e8f49-c2a0-487d-9b69-d922515b7414,GBP,true,fa5b3b37-5077-4ec2-9ae5-325e5d4b3f54,dbe181dc-5664-4bc0-96aa-8c21124f6124,0.0,false
aba55ce5-df40-4443-85a0-1effc7088cc7,GBP,true,fa5b3b37-5077-4ec2-9ae5-325e5d4b3f54,7d8da3c8-8ed0-41a4-89da-5f202c2cce5c,420.0,false
abc567cb-6669-4f0e-b153-27b6835cc60e,AUD,true,fa5b3b37-5077-4ec2-9ae5-325e5d4b3f54,dcc93b7e-542a-442f-8eb0-74874865a761,1559.58,false
abe59ca1-29d0-4e09-bfd6-736fcd91f5bc,USD,true,fa5b3b37-5077-4ec2-9ae5-325e5d4b3f54,7aff88bf-3e69-413a-96f2-5b747ed9db76,865.0,false
ac76154a-ed97-4bb2-9054-a4158a3a2008,EUR,true,fa5b3b37-5077-4ec2-9ae5-325e5d4b3f54,735f8c87-da4b-462b-abc9-df6482f38dfc,2754.05,false
ac7acb74-e2bb-407a-8e95-4b74d623c996,GBP,true,fa5b3b37-5077-4ec2-9ae5-325e5d4b3f54,e39d6d45-c8af-4ba4-9d78-b9b4a6dacbc5,4000.0,false
ac7e36dd-55e0-454b-9a54-127a2274c5d6,GBP,true,fa5b3b37-5077-4ec2-9ae5-325e5d4b3f54,65067626-beab-4e5b-933d-903aa6a79848,239.2,false
ac99fc12-88a5-4c9d-b2ec-39fe4a03d034,AUD,true,fa5b3b37-5077-4ec2-9ae5-325e5d4b3f54,a879a06f-c26b-46b1-84eb-07b762b77774,312.75,false
accdea7c-c381-4407-b0f0-0c4d4987a5a0,EUR,true,fa5b3b37-5077-4ec2-9ae5-325e5d4b3f54,98408a4d-0679-47fe-a758-27684bebe546,95.0,false
ad3290c7-d864-4270-be63-7616c1e454a2,USD,true,fa5b3b37-5077-4ec2-9ae5-325e5d4b3f54,541ea312-1904-4ec6-bd0d-6666c04f5d71,1288.0,false
ad657e7e-463b-4e35-8b24-a993b2ff3df6,EUR,true,fa5b3b37-5077-4ec2-9ae5-325e5d4b3f54,298097ef-0947-471a-9b45-0745e2534923,522.5,false
ad6f5b86-f1a2-4ce8-8453-876086d3b7a5,GBP,true,fa5b3b37-5077-4ec2-9ae5-325e5d4b3f54,14530968-1aa6-4d4c-ae1b-755011f581a0,0.0,false
adb22ebd-cfa3-480d-8acb-edbb6301ddce,EUR,true,fa5b3b37-5077-4ec2-9ae5-325e5d4b3f54,1884cb28-941d-40a6-a587-7ec833d38e3b,76.0,false
ae585e89-c371-43f3-92a0-d244cc3ccb26,EUR,true,fa5b3b37-5077-4ec2-9ae5-325e5d4b3f54,402de26c-077f-47d1-9aaf-1a14cbd8654b,475.0,false
aef69b46-e77d-430b-a9a8-7030652ddd39,USD,true,fa5b3b37-5077-4ec2-9ae5-325e5d4b3f54,8082df33-6d80-4703-ada8-d1537bc09f27,12000.0,false
af217254-4b35-423c-a59c-860da765527d,GBP,true,fa5b3b37-5077-4ec2-9ae5-325e5d4b3f54,e5d77835-1f91-4876-b952-77560259c9d6,40.0,false
af31c1a3-235e-44d9-b0b7-59616e952922,USD,true,fa5b3b37-5077-4ec2-9ae5-325e5d4b3f54,ef8f0644-89cc-4bc2-973f-42a6f9d63428,250.0,false
b02b0d2d-361a-4310-b79d-df10b8454062,GBP,true,fa5b3b37-5077-4ec2-9ae5-325e5d4b3f54,a2105772-653a-4ea5-aee5-547f0f636288,4000.0,false
b14954d1-0381-40a8-966e-d9c44235714b,USD,true,fa5b3b37-5077-4ec2-9ae5-325e5d4b3f54,e11b9f48-eb48-4d4e-ba51-de41576dab2c,1900.0,false
b23ac9cf-2b40-4811-a1af-58556ba766c9,USD,true,fa5b3b37-5077-4ec2-9ae5-325e5d4b3f54,c03e46fb-1bdc-4065-88a1-4eb231a71807,399.0,false
b39648ad-b545-4814-b845-dc7905eec69c,AUD,true,fa5b3b37-5077-4ec2-9ae5-325e5d4b3f54,8c7ec11c-572a-4f3f-b378-1bad2f089fb4,619.94,false
b3a53fb0-cb8d-4494-b233-807d4faa3345,GBP,true,fa5b3b37-5077-4ec2-9ae5-325e5d4b3f54,54ddec67-7e69-4bf1-952f-0d325dd7cb73,533.192,false
b4067713-af25-41a0-bb4a-09a3bad6daf4,EUR,true,fa5b3b37-5077-4ec2-9ae5-325e5d4b3f54,f159dc80-de84-4950-b87d-40829a63a79b,2375.0,false
b40dd656-6898-4862-8181-7fa88489afd2,EUR,true,fa5b3b37-5077-4ec2-9ae5-325e5d4b3f54,acc54c25-084e-44ee-b272-5f544c6a82ce,0.0,false
b433b37a-8155-4ca8-a355-446411c76e61,GBP,true,fa5b3b37-5077-4ec2-9ae5-325e5d4b3f54,11fc2741-a475-4c7e-a5ad-e642d0acfd1a,648.0,false
b5042318-0cc2-4a91-95a6-5d39e5b3ecea,AUD,true,fa5b3b37-5077-4ec2-9ae5-325e5d4b3f54,629312f4-eb08-4d13-96bc-68db51aa3e3a,11.0505,false
b5d1c8a7-b723-45cd-bc16-1959041985f6,AUD,true,fa5b3b37-5077-4ec2-9ae5-325e5d4b3f54,6d90f183-63a3-4b5c-84cb-c9de7b63f5fa,16.68,false
b686c5cc-9f72-49a4-b14c-c892871b2938,AUD,true,fa5b3b37-5077-4ec2-9ae5-325e5d4b3f54,9e7f5e31-7a8a-4b58-b9b9-12c144243a4f,312.75,false
b6a55b5a-4d17-4dff-95bb-02207c2a438e,AUD,true,fa5b3b37-5077-4ec2-9ae5-325e5d4b3f54,f544db94-1248-425d-a874-a7bc50cc9478,1202.35,false
b74bc805-9e87-43a7-b8c1-615120206353,USD,true,fa5b3b37-5077-4ec2-9ae5-325e5d4b3f54,ae6f8353-10c7-4ade-b234-8b555e8c114e,174.0,false
b7a2eba8-fc3f-4998-9e3c-9415078eb3c7,EUR,true,fa5b3b37-5077-4ec2-9ae5-325e5d4b3f54,fb2d073b-c2d8-4bcc-9b6d-6fcedaa84faa,23750.0,false
b81b3f05-9c36-434b-96c1-27df5f2be6c3,EUR,true,fa5b3b37-5077-4ec2-9ae5-325e5d4b3f54,8bbee29e-33cc-4269-9a59-fa2c00851cef,7600.0,false
b833f75a-1def-4e88-8605-ba90398081f1,USD,true,fa5b3b37-5077-4ec2-9ae5-325e5d4b3f54,402de26c-077f-47d1-9aaf-1a14cbd8654b,500.0,false
b930c6f9-f15b-4afe-a3f5-56ebb6bbd850,GBP,true,fa5b3b37-5077-4ec2-9ae5-325e5d4b3f54,a474b155-91e3-464e-ac9e-e333a180fc46,440.0,false
ba2fb5bc-badb-44d1-ad1f-86399de9c90d,EUR,true,fa5b3b37-5077-4ec2-9ae5-325e5d4b3f54,357c2212-bb82-4a28-9f44-20065855d85b,142.5,false
ba8330f0-bb2c-4376-84d7-125ce0bd00cf,AUD,true,fa5b3b37-5077-4ec2-9ae5-325e5d4b3f54,54e33ffe-9123-445a-bb9b-69dec395a5a5,16680.0,false
bab929fd-6706-49c7-a7f5-4587ff838141,GBP,true,fa5b3b37-5077-4ec2-9ae5-325e5d4b3f54,808bf517-c2e9-41bf-b973-67c6462b8519,2080.0,false
badeb4f2-8f7a-44a5-8a9c-5d28b3a15b97,AUD,true,fa5b3b37-5077-4ec2-9ae5-325e5d4b3f54,e5d77835-1f91-4876-b952-77560259c9d6,69.5,false
bb19d792-8a2f-4f20-9843-62980a63b19e,EUR,true,fa5b3b37-5077-4ec2-9ae5-325e5d4b3f54,24897e23-d75e-48a4-a504-cfc263853852,0.0,false
bb34052c-3805-4746-bafe-101bb92c6d09,AUD,true,fa5b3b37-5077-4ec2-9ae5-325e5d4b3f54,92e1c626-9f65-4708-92a7-abc623f3553a,11815.0,false
bb86162b-c6f4-46df-a578-d21aa96994f3,GBP,true,fa5b3b37-5077-4ec2-9ae5-325e5d4b3f54,228eff6e-43bf-409c-96d9-cab985a5720b,4000.0,false
bb97df0e-251c-4744-bfc7-60b8994ce3a0,EUR,true,fa5b3b37-5077-4ec2-9ae5-325e5d4b3f54,dcc93b7e-542a-442f-8eb0-74874865a761,1065.9,false
bca50083-219e-4e24-b427-236b64ad9210,AUD,true,fa5b3b37-5077-4ec2-9ae5-325e5d4b3f54,ac1dd69f-2d97-4571-8cc3-f40e6341cd61,3336.0,false
bcbf447f-258b-499b-834e-e8f3c4f15ff9,GBP,true,fa5b3b37-5077-4ec2-9ae5-325e5d4b3f54,f4c1bd52-6432-4ab1-bb45-a6b3b6862425,800.0,false
bce6d784-393d-4ef4-9cdc-a83fd87070d9,EUR,true,fa5b3b37-5077-4ec2-9ae5-325e5d4b3f54,3c95ae73-331e-4e5f-824e-0cbc13487622,4750.0,false
bce957d1-931f-4ebe-93a9-55504f88d9c1,GBP,true,fa5b3b37-5077-4ec2-9ae5-325e5d4b3f54,21bcabac-77f4-4eb6-95c6-e3d7e1b65e15,0.0,false
bd68167d-6da2-44a7-bd2b-8e6feb885cd4,AUD,true,fa5b3b37-5077-4ec2-9ae5-325e5d4b3f54,541ea312-1904-4ec6-bd0d-6666c04f5d71,1790.32,false
bdc7e660-87b5-400c-baca-b47539c312f9,EUR,true,fa5b3b37-5077-4ec2-9ae5-325e5d4b3f54,8082df33-6d80-4703-ada8-d1537bc09f27,11400.0,false
be891e6d-2749-49ea-aef4-2cfdff601394,EUR,true,fa5b3b37-5077-4ec2-9ae5-325e5d4b3f54,355bf7cb-de92-48e8-8957-54408c171e5b,95.0,false
bec4b095-ec53-4bcf-84f8-92987577160c,GBP,true,fa5b3b37-5077-4ec2-9ae5-325e5d4b3f54,b5b0072e-ef57-4c69-9691-71ad80c9b519,1226.4,false
becd102e-05ba-4fbf-b216-7d829facc3df,GBP,true,fa5b3b37-5077-4ec2-9ae5-325e5d4b3f54,d2737903-9d4a-4f26-bcf0-3b66680817c6,897.6,false
bf640195-987d-4782-9d9e-2fe14d30a842,EUR,true,fa5b3b37-5077-4ec2-9ae5-325e5d4b3f54,2e87c186-3013-4965-8cda-598cffb0e84e,498.75,false
bf6cf85e-817a-4e86-8dec-3fa595383a1b,USD,true,fa5b3b37-5077-4ec2-9ae5-325e5d4b3f54,355bf7cb-de92-48e8-8957-54408c171e5b,100.0,false
bfd18231-c1e3-4e92-aaaa-cde4966168b7,AUD,true,fa5b3b37-5077-4ec2-9ae5-325e5d4b3f54,fd9e9075-c3bf-40ef-aeef-ed523ec7a956,2047.47,false
bfd3a5b2-df0d-46dc-b1f1-501914e6081e,USD,true,fa5b3b37-5077-4ec2-9ae5-325e5d4b3f54,c9630b22-8c2f-4b25-bb3f-e7de77a1d91d,305.0,false
c044a17d-c15d-48bd-897b-a3d9dd704af4,EUR,true,fa5b3b37-5077-4ec2-9ae5-325e5d4b3f54,e56f51ee-eba7-45eb-be4a-4f73fb8f2b0a,9500.0,false
c089f01a-4dbc-4bb3-9cc3-b1fe8b5e3ed7,USD,true,fa5b3b37-5077-4ec2-9ae5-325e5d4b3f54,29bd993d-ecfb-4b2e-bd53-36e5573242dd,1.25,false
c14ccaea-0a4a-4f47-9fea-4d5e8ea49f3b,GBP,true,fa5b3b37-5077-4ec2-9ae5-325e5d4b3f54,4809382c-ac40-4118-9f97-c207570006b5,0.0,false
c1870799-886f-4ab0-997c-8b851dfe59db,USD,true,fa5b3b37-5077-4ec2-9ae5-325e5d4b3f54,ac1dd69f-2d97-4571-8cc3-f40e6341cd61,2400.0,false
c249e23b-52f4-4724-aa13-eced3c9637b6,GBP,true,fa5b3b37-5077-4ec2-9ae5-325e5d4b3f54,0c124a52-73bd-4cba-8e4b-b865b06afebb,79.2,false
c27c6362-e3b4-4dea-b833-98a855e52371,AUD,true,fa5b3b37-5077-4ec2-9ae5-325e5d4b3f54,4587ca84-8bd1-4ac9-bfec-7450dafeb9f8,276.61,false
c27cbf6f-d36b-486e-b743-07508470aec5,USD,true,fa5b3b37-5077-4ec2-9ae5-325e5d4b3f54,53951f9a-99af-4345-9453-1845d0b98c75,1000.0,false
c38a2877-1db0-4039-a87a-c459780ebfd9,AUD,true,fa5b3b37-5077-4ec2-9ae5-325e5d4b3f54,1884cb28-941d-40a6-a587-7ec833d38e3b,111.2,false
c3d6bae0-52e2-48f8-a24e-82148ff12f16,EUR,true,fa5b3b37-5077-4ec2-9ae5-325e5d4b3f54,cabd406f-e3d7-4f33-ac60-fd24874fb6a0,0.0,false
c42f6861-0f5d-45aa-8714-bb9e8ecf8e26,EUR,true,fa5b3b37-5077-4ec2-9ae5-325e5d4b3f54,5a47ed77-cef1-4a71-bafc-60e0fba80825,23.75,false
c43993e5-dc16-45bb-b1a3-49a986b84357,GBP,true,fa5b3b37-5077-4ec2-9ae5-325e5d4b3f54,b230487d-4e25-4502-9405-dfb155bbe476,4000.0,false
c471c9a8-959f-4297-89ec-22b4c66bcd87,AUD,true,fa5b3b37-5077-4ec2-9ae5-325e5d4b3f54,f7729b23-a489-4e45-b06b-b74433e83bf5,619.94,false
c4e597c4-aace-49c8-be68-a576640f6e4e,GBP,true,fa5b3b37-5077-4ec2-9ae5-325e5d4b3f54,50bfbd9d-49d8-4831-9820-c9f1ec991f60,1920.0,false
c4eec7c2-e427-4d2a-b384-08dcfbf4191a,EUR,true,fa5b3b37-5077-4ec2-9ae5-325e5d4b3f54,00ed639c-c7db-4364-8723-2d08447df0d6,189.05,false
c5061903-4e61-4f6d-828d-ea3a3a06680a,USD,true,fa5b3b37-5077-4ec2-9ae5-325e5d4b3f54,cace458c-6b99-4a94-bb50-d76fb0f23567,2000.0,false
c54758a9-711f-4836-94cd-b958097d89a6,USD,true,fa5b3b37-5077-4ec2-9ae5-325e5d4b3f54,b605ee91-1d1c-4652-bbd8-5045e1760ea7,0.0,false
c5a70803-fe09-417b-9873-389e0bb543b3,GBP,true,fa5b3b37-5077-4ec2-9ae5-325e5d4b3f54,06622321-7906-4174-8569-f2cd66189af2,120.0,false
c6aae735-c657-4d2e-a602-ba59a59e9f91,AUD,true,fa5b3b37-5077-4ec2-9ae5-325e5d4b3f54,af64522a-88e4-400e-853b-f26eab34bc98,347.5,false
c6c9cc67-b8da-4a22-86c1-47dcc3a4d695,GBP,true,fa5b3b37-5077-4ec2-9ae5-325e5d4b3f54,ef8f0644-89cc-4bc2-973f-42a6f9d63428,200.0,false
c79b9b9d-6c2c-4bb6-b681-ba25ae5eaa16,USD,true,fa5b3b37-5077-4ec2-9ae5-325e5d4b3f54,71602f9d-232a-46b4-90b6-2ea82cae651e,500.0,false
c7d07390-99cf-4cea-98c8-f85ac52f7c84,EUR,true,fa5b3b37-5077-4ec2-9ae5-325e5d4b3f54,7459f179-061f-411a-a36d-9a00cd7a07bc,2280.0,false
c825d045-92cd-4d30-8701-2bb22f0b5c6f,EUR,true,fa5b3b37-5077-4ec2-9ae5-325e5d4b3f54,4809382c-ac40-4118-9f97-c207570006b5,0.0,false
c826f4fc-3776-4bf7-a522-a7cc0d0ececb,USD,true,fa5b3b37-5077-4ec2-9ae5-325e5d4b3f54,680457e3-0024-463a-892e-5f3d7ee9ad14,20000.0,false
c85cb284-4e37-4734-9007-f95fc3900dfb,AUD,true,fa5b3b37-5077-4ec2-9ae5-325e5d4b3f54,d1152b85-e466-4c81-a7e4-ccc0049b7d69,931.3,false
c8e3520c-7178-490a-8ec1-72d272c5dc2a,USD,true,fa5b3b37-5077-4ec2-9ae5-325e5d4b3f54,f544db94-1248-425d-a874-a7bc50cc9478,865.0,false
c948e9ad-4f9f-421b-8488-f2d2a85171bc,AUD,true,fa5b3b37-5077-4ec2-9ae5-325e5d4b3f54,530eb599-17e2-4f00-9d99-bc6a778e695c,2578.45,false
c9aab4ee-dff5-4446-b73f-86082bd3a17b,EUR,true,fa5b3b37-5077-4ec2-9ae5-325e5d4b3f54,e5a077df-b486-40b1-8281-8bce8226b773,161.5,false
c9e0c3c6-b4c2-4c9d-9332-dee0e4285b6b,USD,true,fa5b3b37-5077-4ec2-9ae5-325e5d4b3f54,b23daee8-c6e3-40ed-bf2f-d8135aaa298e,3000.0,false
cafda577-5b1e-4b4c-a724-49d9ee73f34f,USD,true,fa5b3b37-5077-4ec2-9ae5-325e5d4b3f54,85f78d3f-28ba-4291-bbf3-52357a69999e,100.0,false
cb270256-3706-4a56-99be-6ff92a6649f0,EUR,true,fa5b3b37-5077-4ec2-9ae5-325e5d4b3f54,680457e3-0024-463a-892e-5f3d7ee9ad14,19000.0,false
cb27c46a-c4f1-4da8-9708-6f43688dec5f,GBP,true,fa5b3b37-5077-4ec2-9ae5-325e5d4b3f54,62932448-67d1-4044-8961-5fce2eae0fbb,80.0,false
cb9586a0-5216-475f-8d3c-4d4fd455f9c6,USD,true,fa5b3b37-5077-4ec2-9ae5-325e5d4b3f54,1fff1718-5444-47d0-9cf5-5f3f7df2ffdd,0.0,false
cc5b0f4c-6890-4cb4-93f0-683ae5f0a496,USD,true,fa5b3b37-5077-4ec2-9ae5-325e5d4b3f54,b5b0072e-ef57-4c69-9691-71ad80c9b519,1533.0,false
cc66c28b-2be4-4a98-933e-2f6d9eb59b71,AUD,true,fa5b3b37-5077-4ec2-9ae5-325e5d4b3f54,c9630b22-8c2f-4b25-bb3f-e7de77a1d91d,423.95,false
cca5d013-5713-4fd4-8c39-df49e73fac57,AUD,true,fa5b3b37-5077-4ec2-9ae5-325e5d4b3f54,357c2212-bb82-4a28-9f44-20065855d85b,208.5,false
cd01831a-8035-4c8f-8524-29c597bbf38e,AUD,true,fa5b3b37-5077-4ec2-9ae5-325e5d4b3f54,dd03d4c0-4d58-4a0a-bd06-f8fb5e7b9ef6,3352.68,false
cd097f29-a8aa-4d9d-b81e-92c54ea5d0a1,GBP,true,fa5b3b37-5077-4ec2-9ae5-325e5d4b3f54,4769660c-53d9-49e2-9a2a-59b89e235932,48.0,false
cd8534d5-8621-49bd-8cb9-eaedaf576a9e,GBP,true,fa5b3b37-5077-4ec2-9ae5-325e5d4b3f54,1edfdb01-0fec-4f54-9004-a1548d155037,5600.0,false
cd904ddf-c85c-4681-9540-100c602623c4,AUD,true,fa5b3b37-5077-4ec2-9ae5-325e5d4b3f54,8de24f43-f58a-423c-892f-da0d2e4fab2f,708.9,false
cd9b4393-7f3f-4273-8b5e-cb8d45da7e9f,EUR,true,fa5b3b37-5077-4ec2-9ae5-325e5d4b3f54,e2031b65-9810-477f-af3c-a7d1b7ed31ea,95.0,false
cdb32078-6fc2-4cff-8854-e219153058d0,AUD,true,fa5b3b37-5077-4ec2-9ae5-325e5d4b3f54,065828e5-debf-4581-b8f6-8254e35bde3c,417.0,false
ce65f846-8090-4c36-b3c6-eef8169a2a7e,USD,true,fa5b3b37-5077-4ec2-9ae5-325e5d4b3f54,2647f1b6-ab4d-4de6-83a0-406cc5604ef1,399.0,false
ce89ddc5-6822-48f9-ae87-2aed29536faa,USD,true,fa5b3b37-5077-4ec2-9ae5-325e5d4b3f54,4587ca84-8bd1-4ac9-bfec-7450dafeb9f8,199.0,false
d071dd7e-1984-4b02-a2a4-7d9bac5fece3,AUD,true,fa5b3b37-5077-4ec2-9ae5-325e5d4b3f54,e39d6d45-c8af-4ba4-9d78-b9b4a6dacbc5,6950.0,false
d0da4520-e8f0-4664-b008-ac40339e1f2c,USD,true,fa5b3b37-5077-4ec2-9ae5-325e5d4b3f54,dcc93b7e-542a-442f-8eb0-74874865a761,1122.0,false
d0f326b6-15fc-4859-b8b7-61b2da52d586,AUD,true,fa5b3b37-5077-4ec2-9ae5-325e5d4b3f54,b45c1ee4-0b1d-40ad-9c2f-f497d62e1141,0.0,false
d0fc1103-9ffc-4fe1-8b75-2581d07e31e7,EUR,true,fa5b3b37-5077-4ec2-9ae5-325e5d4b3f54,ff905555-a7dc-4b44-a4a4-acb2c5fe29bd,95.0,false
d2025f78-5f3a-48d9-9514-9c4705d34db4,AUD,true,fa5b3b37-5077-4ec2-9ae5-325e5d4b3f54,3b0f49bf-ac36-4682-8ebc-625c45905288,2780.0,false
d27731bf-a1f8-488a-90d8-82a904742047,EUR,true,fa5b3b37-5077-4ec2-9ae5-325e5d4b3f54,a949dbbf-9474-4cfa-84a4-677f46047ce1,95.0,false
d297f97d-d69c-41c5-8ccc-4000776445b4,AUD,true,fa5b3b37-5077-4ec2-9ae5-325e5d4b3f54,3f941024-d9b0-4fc1-aefa-fbe5719be4a6,278.0,false
d2c67063-9367-4eaa-9c14-ecdfdd7e7e7a,USD,true,fa5b3b37-5077-4ec2-9ae5-325e5d4b3f54,036f2bf0-9b10-4122-a374-358e38270141,250.0,false
d2dcf1c4-afd6-4744-94a8-de1d7e277713,AUD,true,fa5b3b37-5077-4ec2-9ae5-325e5d4b3f54,e5a077df-b486-40b1-8281-8bce8226b773,236.3,false
d3293407-cb9c-4a85-a329-e80436b38d5a,EUR,true,fa5b3b37-5077-4ec2-9ae5-325e5d4b3f54,808bf517-c2e9-41bf-b973-67c6462b8519,2470.0,false
d3521a43-338b-42b2-a784-4766cb9300f0,USD,true,fa5b3b37-5077-4ec2-9ae5-325e5d4b3f54,dd03d4c0-4d58-4a0a-bd06-f8fb5e7b9ef6,2412.0,false
d3722ec3-4fc7-4f52-8fc0-240f4b239abb,AUD,true,fa5b3b37-5077-4ec2-9ae5-325e5d4b3f54,7910da7d-8903-4881-a7bb-5627054f2322,139.0,false
d3ca65e7-c113-4a3a-a534-2ac954d65dd0,GBP,true,fa5b3b37-5077-4ec2-9ae5-325e5d4b3f54,97f0ea29-737b-4c01-ad39-89e5bf7101f7,16000.0,false
d42281e7-3672-439f-b809-b1ab2eb1012a,AUD,true,fa5b3b37-5077-4ec2-9ae5-325e5d4b3f54,56293cb8-5ac0-47a2-b87c-7df42df44889,139.0,false
d4b70917-1622-4a51-8004-a3160174379e,USD,true,fa5b3b37-5077-4ec2-9ae5-325e5d4b3f54,f11da937-eb30-4606-abb6-92cc4e53dfc7,1375.6,false
d50072c1-fcda-4970-9829-3310dbd2edf6,EUR,true,fa5b3b37-5077-4ec2-9ae5-325e5d4b3f54,b45c1ee4-0b1d-40ad-9c2f-f497d62e1141,0.0,false
d5184482-12d4-45b7-b45b-0783b5818bc4,EUR,true,fa5b3b37-5077-4ec2-9ae5-325e5d4b3f54,ac040496-a333-4983-92a6-1bf45fcbce89,34.2,false
d51f1564-5022-4fa8-b170-3802be479442,GBP,true,fa5b3b37-5077-4ec2-9ae5-325e5d4b3f54,8082df33-6d80-4703-ada8-d1537bc09f27,9600.0,false
d5e1c54f-f9d7-4f9f-8195-31deaf06cf62,GBP,true,fa5b3b37-5077-4ec2-9ae5-325e5d4b3f54,d4d1c847-7f5c-42f1-9bb3-7a40a22627e7,32.8,false
d6835496-04d2-45c0-8978-57a32b8ede78,USD,true,fa5b3b37-5077-4ec2-9ae5-325e5d4b3f54,325a1a0a-7b4c-44e8-b0a2-db5c3eb6396b,24000.0,false
d6abaca1-0fe4-48ef-bcfb-6448230f5b50,GBP,true,fa5b3b37-5077-4ec2-9ae5-325e5d4b3f54,18046ac8-91b1-4680-a1e1-f468ab94e46b,2121.6,false
d737dce3-440d-42f9-9aa4-f46457006af9,AUD,true,fa5b3b37-5077-4ec2-9ae5-325e5d4b3f54,1b80a053-6ed4-4041-b143-e90e0b62e937,20850.0,false
d75364a3-1220-4846-9d90-8537ede3cc1e,USD,true,fa5b3b37-5077-4ec2-9ae5-325e5d4b3f54,313d9020-4e2a-4d1a-a4f4-d14d53eb6150,253.0,false
d7896ae7-d927-480f-94dc-fe4d3e2cfa95,GBP,true,fa5b3b37-5077-4ec2-9ae5-325e5d4b3f54,5a78fd1c-bd50-4427-b949-0cf9f4ae2810,0.0,false
d7d850b0-5f9c-4543-b323-c2312cd2cc0d,USD,true,fa5b3b37-5077-4ec2-9ae5-325e5d4b3f54,5a78fd1c-bd50-4427-b949-0cf9f4ae2810,0.0,false
d80b5a82-f8f8-4fc6-863e-c7320a7e74f1,GBP,true,fa5b3b37-5077-4ec2-9ae5-325e5d4b3f54,266e0040-acb6-45f6-b79e-1f1b6c9c8bee,80.0,false
d86279b2-8527-4b5d-97ca-9c0f2dfd3652,AUD,true,fa5b3b37-5077-4ec2-9ae5-325e5d4b3f54,3c95ae73-331e-4e5f-824e-0cbc13487622,6950.0,false
d88f1096-7240-4d70-a09f-ecb3f09d8d97,GBP,true,fa5b3b37-5077-4ec2-9ae5-325e5d4b3f54,56293cb8-5ac0-47a2-b87c-7df42df44889,80.0,false
d8ed5515-8829-464b-a5a7-a2717d71e495,AUD,true,fa5b3b37-5077-4ec2-9ae5-325e5d4b3f54,004ded3b-106a-4ad8-b3b3-aae0ce6d0ca4,34.75,false
d934969b-654d-4151-a721-c00927047ba6,USD,true,fa5b3b37-5077-4ec2-9ae5-325e5d4b3f54,1f4da963-19a1-495c-ac43-2a7c723cd87b,0.0,false
d9984c6f-9180-48cc-b7cb-c6914c76568f,AUD,true,fa5b3b37-5077-4ec2-9ae5-325e5d4b3f54,ec4c432b-3db0-4630-9f4c-434057ff8378,139.0,false
dc6f4c00-d944-43af-bca8-84557c474ae3,AUD,true,fa5b3b37-5077-4ec2-9ae5-325e5d4b3f54,4263261b-ac2a-49d9-b31d-786e1ca76e82,278.0,false
dcb70cc8-b578-41c2-986a-b165b6a64158,USD,true,fa5b3b37-5077-4ec2-9ae5-325e5d4b3f54,ae3c9dfc-5737-40f6-b8e2-d9576da2fffb,299.99,false
dd732cfd-be26-4ace-b206-8492bc0203ba,USD,true,fa5b3b37-5077-4ec2-9ae5-325e5d4b3f54,ff905555-a7dc-4b44-a4a4-acb2c5fe29bd,100.0,false
de90b270-6805-4cb4-87fb-9432b35e8a3c,USD,true,fa5b3b37-5077-4ec2-9ae5-325e5d4b3f54,f4c1bd52-6432-4ab1-bb45-a6b3b6862425,1000.0,false
deb8b1b9-3adf-48b6-bd99-03831de7052c,GBP,true,fa5b3b37-5077-4ec2-9ae5-325e5d4b3f54,036f2bf0-9b10-4122-a374-358e38270141,200.0,false
dedf5837-770b-4f71-bd01-cfce6404dcaf,GBP,true,fa5b3b37-5077-4ec2-9ae5-325e5d4b3f54,91ae1130-a8c8-4cd8-84f9-9c103750169c,180.0,false
def25b37-461b-4f51-a42f-04b128e7f37d,EUR,true,fa5b3b37-5077-4ec2-9ae5-325e5d4b3f54,1f4da963-19a1-495c-ac43-2a7c723cd87b,0.0,false
e0673462-dae4-4110-8f04-1afc417df5e8,GBP,true,fa5b3b37-5077-4ec2-9ae5-325e5d4b3f54,8de24f43-f58a-423c-892f-da0d2e4fab2f,408.0,false
e06e6771-be71-4e71-b82c-00a7c1448ce2,GBP,true,fa5b3b37-5077-4ec2-9ae5-325e5d4b3f54,8fa30a22-edf1-4b81-91ec-f22a47bf8f24,543.2,false
e0737b4e-20be-41ae-b5fa-5b7de6536f43,EUR,true,fa5b3b37-5077-4ec2-9ae5-325e5d4b3f54,a474b155-91e3-464e-ac9e-e333a180fc46,522.5,false
e0b7886b-19de-4213-a228-3b531abd76cd,USD,true,fa5b3b37-5077-4ec2-9ae5-325e5d4b3f54,54ddec67-7e69-4bf1-952f-0d325dd7cb73,666.49,false
e18079d3-7e21-4d44-9ab8-c0bcf3fa91f6,EUR,true,fa5b3b37-5077-4ec2-9ae5-325e5d4b3f54,cace458c-6b99-4a94-bb50-d76fb0f23567,1900.0,false
e1bef211-3ac8-45bc-94ee-831a29f48569,AUD,true,fa5b3b37-5077-4ec2-9ae5-325e5d4b3f54,8fa30a22-edf1-4b81-91ec-f22a47bf8f24,943.81,false
e1c0e636-905d-40c6-bfa5-f2295c764d0c,AUD,true,fa5b3b37-5077-4ec2-9ae5-325e5d4b3f54,29bd993d-ecfb-4b2e-bd53-36e5573242dd,1.7375,false
e202b2a0-4969-4470-afdf-5de0196322c1,USD,true,fa5b3b37-5077-4ec2-9ae5-325e5d4b3f54,97f0ea29-737b-4c01-ad39-89e5bf7101f7,20000.0,false
e27ac13e-5f13-4ad6-9445-f1b40b3033db,GBP,true,fa5b3b37-5077-4ec2-9ae5-325e5d4b3f54,3b0f49bf-ac36-4682-8ebc-625c45905288,1600.0,false
e28ddddb-6392-4f58-81f4-48c6d770c007,GBP,true,fa5b3b37-5077-4ec2-9ae5-325e5d4b3f54,9fcf60ba-4e8b-4e76-82db-812b6a6cc79b,12.0,false
e2dfce6c-bff1-4c97-84af-99734e9c60a7,EUR,true,fa5b3b37-5077-4ec2-9ae5-325e5d4b3f54,54ddec67-7e69-4bf1-952f-0d325dd7cb73,633.1655,false
e2f98b6b-338a-4ed5-90fa-33ed4b069e28,USD,true,fa5b3b37-5077-4ec2-9ae5-325e5d4b3f54,8fa30a22-edf1-4b81-91ec-f22a47bf8f24,679.0,false
e30180d0-9620-4391-81e4-d04a6ec055d9,AUD,true,fa5b3b37-5077-4ec2-9ae5-325e5d4b3f54,6ce56460-94eb-45fa-94b5-3aa33275b8c4,7645.0,false
e321477f-b6f6-4be1-8d3f-c8f18ccd4a6f,GBP,true,fa5b3b37-5077-4ec2-9ae5-325e5d4b3f54,cd7375d9-1ca4-45e6-8f88-6a93ae91df88,1432.0,false
e32df344-fc6a-45df-b2c0-3d09983f414f,GBP,true,fa5b3b37-5077-4ec2-9ae5-325e5d4b3f54,6bb42276-52f8-4a25-a569-c2abff773d9e,11200.0,false
e343bbff-adca-49c7-88a4-cf31f97f16ab,EUR,true,fa5b3b37-5077-4ec2-9ae5-325e5d4b3f54,af64522a-88e4-400e-853b-f26eab34bc98,237.5,false
e3547ce8-90c7-44c6-9afc-26e3bd662949,USD,true,fa5b3b37-5077-4ec2-9ae5-325e5d4b3f54,ac040496-a333-4983-92a6-1bf45fcbce89,36.0,false
e355530b-d65b-4ac5-9633-97d2942f5edb,EUR,true,fa5b3b37-5077-4ec2-9ae5-325e5d4b3f54,8de24f43-f58a-423c-892f-da0d2e4fab2f,484.5,false
e389013c-aa0e-4fb7-a0cf-2bca41eacdb6,AUD,true,fa5b3b37-5077-4ec2-9ae5-325e5d4b3f54,9166883d-e507-419b-88d6-a31fe8a82a16,1069.605,false
e3c7b446-4d6f-4df0-8bca-d1364d8ca73a,GBP,true,fa5b3b37-5077-4ec2-9ae5-325e5d4b3f54,29bd993d-ecfb-4b2e-bd53-36e5573242dd,1.0,false
e484ae13-1b01-4b22-921d-f497feae22b0,GBP,true,fa5b3b37-5077-4ec2-9ae5-325e5d4b3f54,f6ddfbbd-b77f-4f98-9561-e2627ba90745,160.0,false
e538cc8b-f945-4025-a978-1f18eb90c78c,GBP,true,fa5b3b37-5077-4ec2-9ae5-325e5d4b3f54,1863ea37-f1e5-4cb4-899c-93764364eeee,1600.0,false
e556290b-7141-4633-a7a5-c4c3019856ab,USD,true,fa5b3b37-5077-4ec2-9ae5-325e5d4b3f54,75489686-1f1b-45a4-a290-533cc16a0e12,1.0,false
e5a32db6-c2ee-4dde-a8fc-0df24a4769c2,GBP,true,fa5b3b37-5077-4ec2-9ae5-325e5d4b3f54,4b5d17b2-c5b1-4dd0-86e3-3a46fc47fb91,160.0,false
e6127b27-2a3c-4e31-b745-5f5104a91f73,AUD,true,fa5b3b37-5077-4ec2-9ae5-325e5d4b3f54,cae82e7b-bc55-4b44-a2cd-58fe9a62c646,340.55,false
e64089ff-879e-441d-a6c4-11247c581b8a,EUR,true,fa5b3b37-5077-4ec2-9ae5-325e5d4b3f54,4cd9aeb3-6935-4242-bb34-1aa54e7d9573,570.0,false
e659dafe-6511-48f9-b3a5-e48f68c77284,EUR,true,fa5b3b37-5077-4ec2-9ae5-325e5d4b3f54,ac1dd69f-2d97-4571-8cc3-f40e6341cd61,2280.0,false
e7a347c9-04d6-4910-82e5-2f02f578319d,USD,true,fa5b3b37-5077-4ec2-9ae5-325e5d4b3f54,db7fc448-40c3-4228-b20c-31ab2e5c6c2e,10000.0,false
e7b10c5f-c211-4efb-a0e6-c9a40492dc81,USD,true,fa5b3b37-5077-4ec2-9ae5-325e5d4b3f54,8c7ec11c-572a-4f3f-b378-1bad2f089fb4,446.0,false
e814623d-18e3-43b6-af97-0ba95b641662,GBP,true,fa5b3b37-5077-4ec2-9ae5-325e5d4b3f54,e11b9f48-eb48-4d4e-ba51-de41576dab2c,1520.0,false
e99ae01a-9a0f-4c29-8a9f-2977b50b3d85,GBP,true,fa5b3b37-5077-4ec2-9ae5-325e5d4b3f54,acc54c25-084e-44ee-b272-5f544c6a82ce,0.0,false
e9a6cfcf-c88d-4a40-bf8d-7a968aceb606,USD,true,fa5b3b37-5077-4ec2-9ae5-325e5d4b3f54,9fcf60ba-4e8b-4e76-82db-812b6a6cc79b,15.0,false
e9e565d0-e888-4af7-b612-22e0534b8105,AUD,true,fa5b3b37-5077-4ec2-9ae5-325e5d4b3f54,c03e46fb-1bdc-4065-88a1-4eb231a71807,554.61,false
e9f1a637-18a4-4fd1-8105-0623a3da90e4,GBP,true,fa5b3b37-5077-4ec2-9ae5-325e5d4b3f54,b605ee91-1d1c-4652-bbd8-5045e1760ea7,0.0,false
ea244728-de06-4958-8726-b67665a54250,AUD,true,fa5b3b37-5077-4ec2-9ae5-325e5d4b3f54,c74d1b2a-3220-4d50-9c1f-0541a7eec1b0,1390.0,false
ea5314df-369e-422c-9896-d749a0098092,AUD,true,fa5b3b37-5077-4ec2-9ae5-325e5d4b3f54,5a47ed77-cef1-4a71-bafc-60e0fba80825,34.75,false
eaa13bea-b690-42b3-96d9-dc3ff00c6517,AUD,true,fa5b3b37-5077-4ec2-9ae5-325e5d4b3f54,355bf7cb-de92-48e8-8957-54408c171e5b,139.0,false
eaaeb6df-2ebc-4856-b1c1-19840100d3bc,AUD,true,fa5b3b37-5077-4ec2-9ae5-325e5d4b3f54,9c9b47ab-e97e-4714-99dd-8c257952e052,40.31,false
ead730e6-ff93-43ac-91ee-692d1879c542,USD,true,fa5b3b37-5077-4ec2-9ae5-325e5d4b3f54,af64522a-88e4-400e-853b-f26eab34bc98,250.0,false
eb2e48aa-76ba-415e-9307-1b3054e62a59,AUD,true,fa5b3b37-5077-4ec2-9ae5-325e5d4b3f54,325a1a0a-7b4c-44e8-b0a2-db5c3eb6396b,33360.0,false
eb4b5ab8-bc8e-424c-8670-c220ba067ef1,GBP,true,fa5b3b37-5077-4ec2-9ae5-325e5d4b3f54,629312f4-eb08-4d13-96bc-68db51aa3e3a,6.36,false
ebd59538-cd55-4a20-885b-6645186c6b36,AUD,true,fa5b3b37-5077-4ec2-9ae5-325e5d4b3f54,acc54c25-084e-44ee-b272-5f544c6a82ce,0.0,false
ec0b35d1-9b92-48ab-8112-73144e3f2418,EUR,true,fa5b3b37-5077-4ec2-9ae5-325e5d4b3f54,92e1c626-9f65-4708-92a7-abc623f3553a,8075.0,false
eca86351-5c5c-4d5e-9ca4-f136ea4be978,USD,true,fa5b3b37-5077-4ec2-9ae5-325e5d4b3f54,d843e1db-7352-456f-a892-3b86aa26705c,250.0,false
ecd03518-a8bd-4079-b21a-98f2e4e5352a,EUR,true,fa5b3b37-5077-4ec2-9ae5-325e5d4b3f54,1edfdb01-0fec-4f54-9004-a1548d155037,6650.0,false
ecea2278-48dc-4320-b17c-8448355236cd,AUD,true,fa5b3b37-5077-4ec2-9ae5-325e5d4b3f54,7aff88bf-3e69-413a-96f2-5b747ed9db76,1202.35,false
ed8bf06a-3f20-41f8-b168-bdc7a9fc9990,EUR,true,fa5b3b37-5077-4ec2-9ae5-325e5d4b3f54,4769660c-53d9-49e2-9a2a-59b89e235932,57.0,false
ee3f252e-634e-4ed3-9fe0-15e1a5892ee7,AUD,true,fa5b3b37-5077-4ec2-9ae5-325e5d4b3f54,b230487d-4e25-4502-9405-dfb155bbe476,6950.0,false
ee5f42e4-8c8f-4fe3-980e-3239ee43bf74,AUD,true,fa5b3b37-5077-4ec2-9ae5-325e5d4b3f54,7d8da3c8-8ed0-41a4-89da-5f202c2cce5c,729.75,false
ee7ec532-9228-40f5-b405-5012926d4cc6,AUD,true,fa5b3b37-5077-4ec2-9ae5-325e5d4b3f54,8bbee29e-33cc-4269-9a59-fa2c00851cef,11120.0,false
ef108d4e-4c6f-4102-aaec-1e4986226864,EUR,true,fa5b3b37-5077-4ec2-9ae5-325e5d4b3f54,db7fc448-40c3-4228-b20c-31ab2e5c6c2e,9500.0,false
ef25f710-f05e-4c90-8192-419037a37c59,EUR,true,fa5b3b37-5077-4ec2-9ae5-325e5d4b3f54,f925dbac-41a1-497e-9757-e9257b950976,4750.0,false
ef3bec93-151d-4efc-85e4-6d92aa451743,AUD,true,fa5b3b37-5077-4ec2-9ae5-325e5d4b3f54,75489686-1f1b-45a4-a290-533cc16a0e12,1.39,false
ef6e0db9-a169-49e3-a54b-b373f988f77d,USD,true,fa5b3b37-5077-4ec2-9ae5-325e5d4b3f54,4809382c-ac40-4118-9f97-c207570006b5,0.0,false
ef72512f-c7ad-4d5c-b26f-2725c752dcb0,AUD,true,fa5b3b37-5077-4ec2-9ae5-325e5d4b3f54,21bcabac-77f4-4eb6-95c6-e3d7e1b65e15,0.0,false
efa8e980-d69c-49fa-872b-faa51a9bbbfa,EUR,true,fa5b3b37-5077-4ec2-9ae5-325e5d4b3f54,8b3568c4-ba49-4915-a908-fb08809acc13,252.7,false
f00152eb-d495-4ab7-9b50-59ae303a8f2a,USD,true,fa5b3b37-5077-4ec2-9ae5-325e5d4b3f54,228eff6e-43bf-409c-96d9-cab985a5720b,5000.0,false
f0653cf5-c590-4239-89e7-ca8a981883b1,AUD,true,fa5b3b37-5077-4ec2-9ae5-325e5d4b3f54,d3b5e739-aa89-4a8c-9c1d-72fb1d8cacbf,69.5,false
f0e162b5-23b0-4f5e-9dae-30f03a4dc534,GBP,true,fa5b3b37-5077-4ec2-9ae5-325e5d4b3f54,2647f1b6-ab4d-4de6-83a0-406cc5604ef1,319.2,false
f0ee7595-a551-4e6f-a499-257691096f8d,USD,true,fa5b3b37-5077-4ec2-9ae5-325e5d4b3f54,357c2212-bb82-4a28-9f44-20065855d85b,150.0,false
f0ff0b0c-faf9-4d7f-98e8-a08f2ce9241d,GBP,true,fa5b3b37-5077-4ec2-9ae5-325e5d4b3f54,c03e46fb-1bdc-4065-88a1-4eb231a71807,319.2,false
f11a608e-de83-4f07-9741-290a09e074e9,USD,true,fa5b3b37-5077-4ec2-9ae5-325e5d4b3f54,cae82e7b-bc55-4b44-a2cd-58fe9a62c646,245.0,false
f140c30d-4b0e-4438-a4e2-95d04acb5c92,GBP,true,fa5b3b37-5077-4ec2-9ae5-325e5d4b3f54,d843e1db-7352-456f-a892-3b86aa26705c,200.0,false
f1825c1b-cdc5-4e1c-9888-9fc63f65567f,USD,true,fa5b3b37-5077-4ec2-9ae5-325e5d4b3f54,a2105772-653a-4ea5-aee5-547f0f636288,5000.0,false
f1f2ac49-00b0-462c-8fd0-7d934391936a,EUR,true,fa5b3b37-5077-4ec2-9ae5-325e5d4b3f54,8fa30a22-edf1-4b81-91ec-f22a47bf8f24,645.05,false
f21f89a6-bd62-4b56-ab6d-e0dab5f9de3d,EUR,true,fa5b3b37-5077-4ec2-9ae5-325e5d4b3f54,fa444d8c-c07e-4b50-a82a-bf0a52e41bad,237.5,false
f2677cb0-fadc-4b33-adf0-c7b324515d43,EUR,true,fa5b3b37-5077-4ec2-9ae5-325e5d4b3f54,06622321-7906-4174-8569-f2cd66189af2,142.5,false
f29b0f20-0dca-4123-8556-68a85e8086ae,GBP,true,fa5b3b37-5077-4ec2-9ae5-325e5d4b3f54,6ce56460-94eb-45fa-94b5-3aa33275b8c4,4400.0,false
f3381d41-abf4-4ae0-96fa-adcbfbcdc58e,GBP,true,fa5b3b37-5077-4ec2-9ae5-325e5d4b3f54,aa8eb145-ccd9-4167-abcd-c8ee74979ea8,40.0,false
f3e45277-54b2-406b-95f5-0b64356e14c5,GBP,true,fa5b3b37-5077-4ec2-9ae5-325e5d4b3f54,71602f9d-232a-46b4-90b6-2ea82cae651e,400.0,false
f4309607-92b7-4489-867a-31427fcef352,USD,true,fa5b3b37-5077-4ec2-9ae5-325e5d4b3f54,44bef28f-c5ab-4024-bdfd-ea392f2ba3d9,8000.0,false
f476d2c1-d998-4759-b52b-7b6c6cee0fee,GBP,true,fa5b3b37-5077-4ec2-9ae5-325e5d4b3f54,f159dc80-de84-4950-b87d-40829a63a79b,2000.0,false
f4cdfc18-80a2-4eec-a1a8-bb75dc0b352c,AUD,true,fa5b3b37-5077-4ec2-9ae5-325e5d4b3f54,f4f195b4-e816-45fa-9497-95f1a81699a3,8340.0,false
f52bdfcc-075b-4608-b457-8a0786cd2904,USD,true,fa5b3b37-5077-4ec2-9ae5-325e5d4b3f54,4cd9aeb3-6935-4242-bb34-1aa54e7d9573,600.0,false
f658b945-621f-427f-a66e-d871fffe7fdb,AUD,true,fa5b3b37-5077-4ec2-9ae5-325e5d4b3f54,cabd406f-e3d7-4f33-ac60-fd24874fb6a0,0.0,false
f65bbe4a-d378-4cb1-b8e5-5587ea6b7d04,USD,true,fa5b3b37-5077-4ec2-9ae5-325e5d4b3f54,f4f195b4-e816-45fa-9497-95f1a81699a3,6000.0,false
f6c48faf-8913-455d-91a6-8ab374ccf6ad,GBP,true,fa5b3b37-5077-4ec2-9ae5-325e5d4b3f54,3c95ae73-331e-4e5f-824e-0cbc13487622,4000.0,false
f741fa76-5ad7-4f5c-aa07-0c2f77b8e078,EUR,true,fa5b3b37-5077-4ec2-9ae5-325e5d4b3f54,fd9e9075-c3bf-40ef-aeef-ed523ec7a956,1399.35,false
f7f695d4-6ba1-4fe6-8c53-0f4cacfeec60,AUD,true,fa5b3b37-5077-4ec2-9ae5-325e5d4b3f54,fa444d8c-c07e-4b50-a82a-bf0a52e41bad,347.5,false
f8082128-efac-42e6-9f1c-0872ad7ec079,AUD,true,fa5b3b37-5077-4ec2-9ae5-325e5d4b3f54,9f64edef-dd42-4f4a-b3c9-b875e0f29fb3,20850.0,false
f8c5ca27-ab24-4f32-a46c-e71b566b7299,EUR,true,fa5b3b37-5077-4ec2-9ae5-325e5d4b3f54,7910da7d-8903-4881-a7bb-5627054f2322,95.0,false
f8cc9f5c-83cc-480c-8ef8-462c6db7c6e3,GBP,true,fa5b3b37-5077-4ec2-9ae5-325e5d4b3f54,75489686-1f1b-45a4-a290-533cc16a0e12,0.8,false
f9798c7b-1bd9-46a0-8744-1c2c00bc05c0,AUD,true,fa5b3b37-5077-4ec2-9ae5-325e5d4b3f54,4ac86817-d0e8-426d-9dee-8cffcf717ef3,139.0,false
fa1976ce-e83c-48e2-b475-ddad77b5ce23,USD,true,fa5b3b37-5077-4ec2-9ae5-325e5d4b3f54,871972b4-9858-4ca4-947c-3f0920e0e4d2,0.0,false
fa210c70-a914-4568-b29c-c9aa74aa365a,USD,true,fa5b3b37-5077-4ec2-9ae5-325e5d4b3f54,f336dcb8-6ca7-4b60-98aa-1cc780396602,525.0,false
fb5d388c-4f5b-4014-be05-2c9e8d2c5a86,USD,true,fa5b3b37-5077-4ec2-9ae5-325e5d4b3f54,530eb599-17e2-4f00-9d99-bc6a778e695c,1855.0,false
fc218825-9fc4-48ac-9958-014ce464ac4c,EUR,true,fa5b3b37-5077-4ec2-9ae5-325e5d4b3f54,4587ca84-8bd1-4ac9-bfec-7450dafeb9f8,189.05,false
fc542f33-c65c-4fdc-adca-574277d4ea0e,AUD,true,fa5b3b37-5077-4ec2-9ae5-325e5d4b3f54,14530968-1aa6-4d4c-ae1b-755011f581a0,0.0,false
fc705f96-1549-4316-8d0f-4876ccc7b0ce,GBP,true,fa5b3b37-5077-4ec2-9ae5-325e5d4b3f54,b2f341c6-f308-42ce-add0-9190cf45d086,202.4,false
fc899df9-e87e-4a85-a951-c95023ee204a,USD,true,fa5b3b37-5077-4ec2-9ae5-325e5d4b3f54,735f8c87-da4b-462b-abc9-df6482f38dfc,2899.0,false
fc9c5d69-7a48-4148-8c7a-8d2b0d3b1434,AUD,true,fa5b3b37-5077-4ec2-9ae5-325e5d4b3f54,313d9020-4e2a-4d1a-a4f4-d14d53eb6150,351.67,false
fd50c163-83c1-4ad0-8b9f-ab39c6ab5a67,AUD,true,fa5b3b37-5077-4ec2-9ae5-325e5d4b3f54,4b5d17b2-c5b1-4dd0-86e3-3a46fc47fb91,278.0,false
fd8bab3a-2f8b-4306-b0c4-a174a507a332,GBP,true,fa5b3b37-5077-4ec2-9ae5-325e5d4b3f54,9e7f5e31-7a8a-4b58-b9b9-12c144243a4f,180.0,false
fe429aa9-ce69-4b6b-b340-7f998972041e,AUD,true,fa5b3b37-5077-4ec2-9ae5-325e5d4b3f54,e11b9f48-eb48-4d4e-ba51-de41576dab2c,2641.0,false
fe7b5e43-750b-491e-ace4-1384817157cd,AUD,true,fa5b3b37-5077-4ec2-9ae5-325e5d4b3f54,01903301-a68d-40ae-a0cf-7d5a634e950c,417.0,false
fec365d4-8b64-4327-81b7-eb636925de4b,USD,true,fa5b3b37-5077-4ec2-9ae5-325e5d4b3f54,00ed639c-c7db-4364-8723-2d08447df0d6,199.0,false
ff636715-99e3-4e8d-a5bb-fad30eb2d458,EUR,true,fa5b3b37-5077-4ec2-9ae5-325e5d4b3f54,7b257e21-a099-4126-ae33-30089f20f5c1,1101.05,false
